Feature,Overall_prevalence,Active_prevalence,Inactive_prevalence
A:109_TYR__hydrophobic,0.9107142857142857,0.9161676646706587,0.8947368421052632
B:110_GLN__hydrophobic,0.7142857142857143,0.7425149700598802,0.631578947368421
B:114_PHE__hydrophobic,0.6607142857142857,0.6946107784431138,0.5614035087719298
A:109_TYR__pistacking,0.5044642857142857,0.46107784431137727,0.631578947368421
B:111_ILE__hydrophobic,0.5044642857142857,0.5389221556886228,0.40350877192982454
B:110_GLN__hbond,0.4955357142857143,0.5688622754491018,0.2807017543859649
A:135_LEU__hydrophobic,0.48214285714285715,0.5389221556886228,0.3157894736842105
A:109_TYR__hbond,0.41517857142857145,0.46107784431137727,0.2807017543859649
B:78_PRO__hydrophobic,0.24107142857142858,0.2634730538922156,0.17543859649122806
B:176_PHE__hydrophobic,0.20089285714285715,0.23952095808383234,0.08771929824561403
B:176_PHE__pistacking,0.20089285714285715,0.2275449101796407,0.12280701754385964
A:113_PHE__hydrophobic,0.19642857142857142,0.20359281437125748,0.17543859649122806
B:177_PRO__hydrophobic,0.17410714285714285,0.20359281437125748,0.08771929824561403
B:107_ALA__hydrophobic,0.16517857142857142,0.16167664670658682,0.17543859649122806
A:133_ILE__hydrophobic,0.16517857142857142,0.16167664670658682,0.17543859649122806
A:115_ARG__hbond,0.12053571428571429,0.059880239520958084,0.2982456140350877
B:138_ASP__hydrophobic,0.11607142857142858,0.1437125748502994,0.03508771929824561
A:115_ARG__pication,0.08928571428571429,0.08383233532934131,0.10526315789473684
A:132_SER__hbond,0.08482142857142858,0.0718562874251497,0.12280701754385964
A:133_ILE__hbond,0.07589285714285714,0.0658682634730539,0.10526315789473684
B:175_TYR__hydrophobic,0.07142857142857142,0.09580838323353294,0.0
B:113_ASP__hbond,0.07142857142857142,0.08982035928143713,0.017543859649122806
B:114_PHE__pistacking,0.0625,0.04790419161676647,0.10526315789473684
B:236_GLU__hbond,0.0625,0.07784431137724551,0.017543859649122806
A:75_ALA__hydrophobic,0.05357142857142857,0.059880239520958084,0.03508771929824561
B:233_THR__hydrophobic,0.05357142857142857,0.059880239520958084,0.03508771929824561
B:106_GLU__hbond,0.049107142857142856,0.023952095808383235,0.12280701754385964
B:174_THR__hbond,0.04017857142857143,0.04790419161676647,0.017543859649122806
A:135_LEU__hbond,0.04017857142857143,0.017964071856287425,0.10526315789473684
B:175_TYR__hbond,0.03571428571428571,0.041916167664670656,0.017543859649122806
B:82_ILE__hydrophobic,0.03125,0.029940119760479042,0.03508771929824561
B:136_ASP__hydrophobic,0.03125,0.03592814371257485,0.017543859649122806
B:235_GLU__hydrophobic,0.026785714285714284,0.0,0.10526315789473684
B:233_THR__hbond,0.022321428571428572,0.0,0.08771929824561403
B:113_ASP__hydrophobic,0.022321428571428572,0.023952095808383235,0.017543859649122806
A:109_TYR__halogen,0.022321428571428572,0.023952095808383235,0.017543859649122806
A:133_ILE__halogen,0.022321428571428572,0.023952095808383235,0.017543859649122806
A:110_THR__hbond,0.022321428571428572,0.005988023952095809,0.07017543859649122
A:106_PRO__halogen,0.017857142857142856,0.011976047904191617,0.03508771929824561
A:109_TYR__pication,0.017857142857142856,0.023952095808383235,0.0
B:114_PHE__hbond,0.017857142857142856,0.017964071856287425,0.017543859649122806
A:132_SER__halogen,0.013392857142857142,0.0,0.05263157894736842
A:112_GLY__hbond,0.013392857142857142,0.017964071856287425,0.0
A:113_PHE__waterbridge,0.013392857142857142,0.005988023952095809,0.03508771929824561
B:138_ASP__hbond,0.013392857142857142,0.011976047904191617,0.017543859649122806
B:111_ILE__hbond,0.013392857142857142,0.0,0.05263157894736842
B:235_GLU__hbond,0.013392857142857142,0.0,0.05263157894736842
B:105_GLN__hydrophobic,0.008928571428571428,0.0,0.03508771929824561
