compound_id,pred_mlp,pred_svm,pred_xgb,consensus_count
0,0,0,0,0
1,0,0,1,1
2,0,0,0,0
3,0,0,0,0
4,1,0,0,1
5,0,0,0,0
6,1,0,1,2
7,1,0,0,1
8,0,0,0,0
9,0,0,0,0
10,0,0,0,0
11,1,0,0,1
12,0,0,0,0
13,1,0,0,1
14,1,0,0,1
15,0,0,0,0
16,1,0,0,1
17,0,0,0,0
18,1,0,0,1
19,1,0,0,1
20,1,0,0,1
21,0,0,0,0
22,1,0,0,1
23,1,0,0,1
24,0,0,0,0
25,0,0,0,0
26,0,0,0,0
27,0,0,0,0
28,0,0,0,0
29,0,0,0,0
30,0,0,0,0
31,0,0,1,1
32,0,0,0,0
33,0,0,0,0
34,0,0,0,0
35,0,0,0,0
36,0,0,0,0
37,0,0,0,0
38,0,0,0,0
39,0,0,0,0
40,0,0,0,0
41,0,0,0,0
42,0,0,1,1
43,0,0,0,0
44,0,0,0,0
45,0,1,1,2
46,1,0,0,1
47,0,0,0,0
48,0,0,0,0
49,0,0,1,1
50,0,0,0,0
51,0,0,0,0
52,0,0,0,0
53,0,0,0,0
54,0,0,0,0
55,0,0,0,0
56,0,0,0,0
57,0,0,0,0
58,1,0,0,1
59,0,0,0,0
60,0,0,0,0
61,0,0,0,0
62,0,0,0,0
63,0,0,0,0
64,0,0,0,0
65,0,0,0,0
66,0,0,0,0
67,0,0,0,0
68,0,0,0,0
69,0,0,0,0
70,0,0,0,0
71,0,0,0,0
72,0,0,0,0
73,0,0,0,0
74,1,0,1,2
75,1,0,1,2
76,1,1,1,3
77,0,0,1,1
78,0,0,0,0
79,0,0,1,1
80,0,0,0,0
81,0,0,0,0
82,0,0,0,0
83,1,0,1,2
84,1,0,1,2
85,1,0,0,1
86,0,0,0,0
87,1,0,0,1
88,0,0,0,0
89,0,0,0,0
90,0,0,0,0
91,0,0,1,1
92,0,0,1,1
93,1,0,0,1
94,0,0,1,1
95,0,0,0,0
96,0,0,0,0
97,0,0,1,1
98,0,0,1,1
99,1,1,1,3
100,0,0,0,0
101,0,0,0,0
102,0,0,0,0
103,0,0,0,0
104,0,0,0,0
105,0,0,0,0
106,0,0,0,0
107,0,0,0,0
108,0,0,0,0
109,0,0,0,0
110,0,1,0,1
111,0,0,0,0
112,0,0,0,0
113,1,0,0,1
114,0,0,0,0
115,1,1,1,3
116,1,0,1,2
117,0,1,0,1
118,1,0,1,2
119,0,0,0,0
120,0,1,0,1
121,0,0,1,1
122,0,0,1,1
123,0,0,0,0
124,0,0,0,0
125,0,0,0,0
126,0,0,0,0
127,0,0,0,0
128,0,0,0,0
129,0,0,0,0
130,1,0,1,2
131,0,0,0,0
132,0,0,0,0
133,0,0,0,0
134,0,0,0,0
135,0,0,0,0
136,0,0,1,1
137,1,1,1,3
138,0,0,0,0
139,0,0,0,0
140,0,0,0,0
141,0,0,0,0
142,0,0,0,0
143,0,0,0,0
144,0,0,0,0
145,0,0,0,0
146,0,0,0,0
147,0,0,0,0
148,0,0,0,0
149,0,0,0,0
150,0,0,0,0
151,0,1,0,1
152,0,0,0,0
153,0,0,0,0
154,0,0,0,0
155,1,1,0,2
156,0,0,0,0
157,0,0,0,0
158,0,0,0,0
159,0,1,0,1
160,0,0,0,0
161,0,0,0,0
162,1,0,0,1
163,0,0,0,0
164,0,0,0,0
165,0,1,1,2
166,0,0,1,1
167,0,0,0,0
168,1,0,1,2
169,0,0,0,0
170,0,0,0,0
171,0,0,0,0
172,0,0,0,0
173,0,0,0,0
174,1,0,0,1
175,0,0,0,0
176,0,0,0,0
177,0,0,0,0
178,0,0,0,0
179,0,0,0,0
180,1,1,1,3
181,1,0,0,1
182,0,0,0,0
183,0,0,0,0
184,1,1,1,3
185,0,0,1,1
186,0,0,0,0
187,0,0,0,0
188,0,0,0,0
189,1,1,1,3
190,0,0,0,0
191,0,0,0,0
192,0,0,1,1
193,0,0,0,0
194,0,0,0,0
195,0,0,0,0
196,0,0,0,0
197,0,0,0,0
198,0,0,0,0
199,0,0,0,0
200,0,0,0,0
201,0,1,0,1
202,1,0,1,2
203,0,0,1,1
204,0,0,1,1
205,0,0,0,0
206,0,0,0,0
207,0,0,0,0
208,0,0,0,0
209,0,0,0,0
210,0,0,0,0
211,0,0,0,0
212,0,0,0,0
213,0,0,0,0
214,0,0,0,0
215,0,0,0,0
216,0,0,0,0
217,0,0,0,0
218,0,1,1,2
219,0,0,0,0
220,0,0,0,0
221,0,0,0,0
222,0,0,0,0
223,0,0,0,0
224,1,1,1,3
225,1,1,0,2
226,1,1,1,3
227,1,1,1,3
228,1,1,1,3
229,1,1,0,2
230,1,1,1,3
231,0,0,1,1
232,0,0,1,1
233,0,0,1,1
234,0,1,1,2
235,1,1,1,3
236,1,1,1,3
237,0,0,1,1
238,1,0,1,2
239,1,0,1,2
240,1,1,1,3
241,0,0,1,1
242,1,0,1,2
243,1,0,1,2
244,1,1,1,3
245,0,0,1,1
246,1,0,1,2
247,1,0,1,2
248,1,1,1,3
249,0,0,1,1
250,1,0,1,2
251,1,0,1,2
252,1,1,0,2
253,0,1,1,2
254,1,1,1,3
255,1,0,1,2
256,1,0,1,2
257,1,0,1,2
258,1,0,1,2
259,1,1,1,3
260,1,0,1,2
261,1,0,1,2
262,1,0,1,2
263,1,1,1,3
264,1,1,1,3
265,0,0,0,0
266,0,0,0,0
267,0,0,0,0
268,0,0,0,0
269,0,0,0,0
270,1,1,1,3
271,0,0,0,0
272,1,1,1,3
273,0,0,1,1
274,0,1,1,2
275,0,0,1,1
276,0,0,0,0
277,1,1,1,3
278,0,0,0,0
279,0,0,0,0
280,1,0,0,1
281,0,0,0,0
282,1,0,0,1
283,1,0,0,1
284,1,0,0,1
285,0,0,0,0
286,1,0,0,1
287,0,0,0,0
288,1,0,0,1
289,0,0,0,0
290,0,0,0,0
291,0,0,0,0
292,0,0,0,0
293,0,0,0,0
294,0,0,0,0
295,0,0,0,0
296,1,0,1,2
297,0,0,0,0
298,0,0,0,0
299,1,0,0,1
300,1,0,1,2
301,0,0,0,0
302,1,0,0,1
303,0,0,0,0
304,0,0,0,0
305,1,0,0,1
306,1,0,1,2
307,0,0,0,0
308,1,0,0,1
309,0,0,0,0
310,0,0,0,0
311,0,0,0,0
312,0,0,0,0
313,0,0,0,0
314,0,0,0,0
315,0,0,0,0
316,1,0,1,2
317,1,0,0,1
318,1,1,1,3
319,1,0,0,1
320,1,0,0,1
321,1,0,1,2
322,1,1,1,3
323,1,0,1,2
324,0,0,0,0
325,0,0,0,0
326,1,0,1,2
327,1,0,1,2
328,0,0,1,1
329,0,0,0,0
330,0,0,0,0
331,1,0,0,1
332,0,0,0,0
333,0,0,0,0
334,1,0,0,1
335,0,0,1,1
336,1,0,0,1
337,0,0,0,0
338,0,0,0,0
339,0,0,0,0
340,1,0,1,2
341,0,0,0,0
342,0,0,1,1
343,0,0,1,1
344,1,0,1,2
345,1,0,1,2
346,1,0,1,2
347,0,0,0,0
348,1,0,0,1
349,0,0,0,0
350,0,0,0,0
351,0,0,0,0
352,1,0,0,1
353,0,0,0,0
354,0,0,0,0
355,1,0,0,1
356,0,0,0,0
357,0,0,0,0
358,0,0,0,0
359,0,0,0,0
360,0,0,1,1
361,0,0,0,0
362,1,0,1,2
363,0,1,1,2
364,0,0,0,0
365,0,0,0,0
366,1,1,1,3
367,0,0,1,1
368,1,0,0,1
369,0,0,0,0
370,0,0,1,1
371,0,0,0,0
372,0,0,1,1
373,0,0,0,0
374,0,0,0,0
375,0,1,1,2
376,0,0,1,1
377,0,0,1,1
378,0,0,0,0
379,0,0,0,0
380,0,0,1,1
381,0,0,0,0
382,0,0,1,1
383,0,0,0,0
384,0,0,0,0
385,1,1,0,2
386,1,1,0,2
387,0,1,0,1
388,1,1,0,2
389,1,1,0,2
390,0,0,0,0
391,1,1,0,2
392,0,0,0,0
393,0,0,0,0
394,0,1,0,1
395,0,1,0,1
396,0,0,0,0
397,1,1,0,2
398,0,0,0,0
399,0,0,0,0
400,0,0,0,0
401,1,1,0,2
402,1,0,1,2
403,0,0,0,0
404,0,0,1,1
405,0,0,0,0
406,1,0,0,1
407,0,0,0,0
408,1,1,1,3
409,1,1,1,3
410,0,0,1,1
411,1,1,0,2
412,0,0,0,0
413,1,1,1,3
414,0,1,1,2
415,0,0,0,0
416,0,1,0,1
417,0,0,0,0
418,0,0,0,0
419,1,1,0,2
420,1,0,0,1
421,0,1,0,1
422,0,0,1,1
423,0,0,1,1
424,1,0,0,1
425,0,0,0,0
426,1,0,0,1
427,1,1,0,2
428,0,0,0,0
429,0,0,0,0
430,0,0,0,0
431,0,0,1,1
432,1,1,1,3
433,1,1,1,3
434,0,0,0,0
435,0,0,0,0
436,0,0,0,0
437,0,0,0,0
438,0,0,1,1
439,0,0,1,1
440,1,0,1,2
441,0,0,0,0
442,0,0,0,0
443,0,0,0,0
444,0,0,0,0
445,0,0,0,0
446,0,0,0,0
447,0,0,0,0
448,0,0,0,0
449,0,0,0,0
450,1,0,0,1
451,0,0,1,1
452,0,0,0,0
453,0,0,0,0
454,0,0,0,0
455,0,0,1,1
456,0,0,1,1
457,0,0,1,1
458,0,0,1,1
459,1,1,1,3
460,1,1,1,3
461,0,0,0,0
462,0,0,0,0
463,0,0,0,0
464,1,1,1,3
465,0,0,0,0
466,0,0,0,0
467,1,0,1,2
468,0,0,0,0
469,0,0,0,0
470,0,0,0,0
471,1,1,0,2
472,1,1,1,3
473,0,0,0,0
474,0,0,0,0
475,0,0,0,0
476,0,0,0,0
477,0,0,0,0
478,0,0,0,0
479,0,0,0,0
480,0,0,0,0
481,0,0,0,0
482,0,0,0,0
483,0,0,0,0
484,0,0,0,0
485,0,0,0,0
486,0,0,0,0
487,0,0,0,0
488,0,0,0,0
489,0,0,0,0
490,0,0,0,0
491,0,0,0,0
492,0,0,0,0
493,1,0,1,2
494,0,0,0,0
495,0,0,0,0
496,0,0,0,0
497,0,0,0,0
498,0,0,0,0
499,0,0,0,0
500,0,0,1,1
501,0,0,0,0
502,0,0,1,1
503,0,0,0,0
504,0,0,0,0
505,0,0,0,0
506,0,0,0,0
507,0,0,0,0
508,0,0,0,0
509,0,0,0,0
510,0,0,0,0
511,0,0,0,0
512,0,0,0,0
513,0,0,0,0
514,0,0,0,0
515,0,0,0,0
516,0,0,1,1
517,1,0,0,1
518,0,0,0,0
519,0,0,0,0
520,0,0,0,0
521,0,0,0,0
522,0,0,0,0
523,0,0,0,0
524,0,0,0,0
525,0,0,0,0
526,0,0,0,0
527,0,0,0,0
528,0,0,0,0
529,0,0,0,0
530,0,0,1,1
531,0,0,1,1
532,0,0,1,1
533,0,0,1,1
534,0,0,1,1
535,0,0,0,0
536,0,0,0,0
537,0,0,0,0
538,0,0,0,0
539,0,0,0,0
540,1,0,0,1
541,0,0,0,0
542,0,0,0,0
543,0,0,0,0
544,0,0,0,0
545,0,1,0,1
546,1,1,0,2
547,0,0,0,0
548,1,1,0,2
549,0,0,0,0
550,1,1,0,2
551,1,1,0,2
552,1,1,0,2
553,1,0,0,1
554,1,1,0,2
555,0,0,0,0
556,1,1,0,2
557,1,0,0,1
558,1,1,0,2
559,0,0,0,0
560,1,1,0,2
561,1,1,0,2
562,0,0,0,0
563,1,1,0,2
564,0,0,0,0
565,0,0,0,0
566,0,0,0,0
567,0,0,0,0
568,0,0,0,0
569,0,0,0,0
570,0,0,0,0
571,1,0,1,2
572,1,0,0,1
573,0,0,1,1
574,0,0,0,0
575,1,1,0,2
576,0,0,0,0
577,0,0,0,0
578,0,0,0,0
579,0,0,0,0
580,1,0,0,1
581,0,0,0,0
582,0,0,1,1
583,0,0,1,1
584,0,0,1,1
585,0,0,1,1
586,0,0,1,1
587,0,0,0,0
588,0,0,0,0
589,0,0,1,1
590,0,0,1,1
591,0,0,1,1
592,0,0,1,1
593,0,0,1,1
594,0,0,1,1
595,0,0,1,1
596,0,0,0,0
597,0,0,0,0
598,1,0,1,2
599,0,0,0,0
600,0,0,1,1
601,0,0,0,0
602,0,0,0,0
603,0,0,0,0
604,0,0,0,0
605,0,0,0,0
606,1,0,0,1
607,0,0,0,0
608,0,0,0,0
609,1,1,1,3
610,0,0,1,1
611,0,0,0,0
612,0,0,0,0
613,0,0,0,0
614,0,0,0,0
615,0,1,1,2
616,0,0,0,0
617,0,0,0,0
618,1,1,1,3
619,0,0,0,0
620,0,0,0,0
621,0,0,1,1
622,0,0,0,0
623,1,1,1,3
624,0,0,1,1
625,0,0,0,0
626,0,0,0,0
627,0,0,0,0
628,1,0,1,2
629,0,0,0,0
630,0,0,1,1
631,0,0,0,0
632,0,0,0,0
633,0,0,0,0
634,0,0,0,0
635,1,1,1,3
636,0,0,0,0
637,0,0,0,0
638,0,0,0,0
639,0,0,0,0
640,0,0,0,0
641,0,0,0,0
642,0,0,0,0
643,0,0,0,0
644,0,0,0,0
645,0,0,0,0
646,0,0,0,0
647,0,0,0,0
648,0,0,0,0
649,0,0,0,0
650,0,0,0,0
651,0,0,0,0
652,0,0,0,0
653,0,0,0,0
654,0,0,0,0
655,0,0,0,0
656,0,0,0,0
657,0,0,0,0
658,1,1,0,2
659,1,1,0,2
660,0,0,0,0
661,1,1,0,2
662,1,1,0,2
663,1,0,0,1
664,0,0,0,0
665,0,0,0,0
666,0,1,0,1
667,0,0,0,0
668,0,0,0,0
669,0,0,0,0
670,0,0,0,0
671,0,0,0,0
672,1,1,1,3
673,1,1,1,3
674,1,1,1,3
675,1,0,1,2
676,1,1,1,3
677,1,1,1,3
678,1,1,1,3
679,1,1,1,3
680,1,1,1,3
681,0,0,0,0
682,0,0,1,1
683,0,0,0,0
684,0,0,0,0
685,0,0,1,1
686,1,0,1,2
687,1,1,1,3
688,0,0,0,0
689,1,0,1,2
690,0,0,1,1
691,0,0,1,1
692,1,1,1,3
693,0,0,0,0
694,0,0,0,0
695,0,1,1,2
696,1,0,1,2
697,1,1,1,3
698,1,1,1,3
699,1,0,1,2
700,0,0,0,0
701,0,0,0,0
702,1,0,0,1
703,1,0,0,1
704,0,0,0,0
705,1,0,0,1
706,0,1,0,1
707,1,1,0,2
708,1,1,1,3
709,1,0,1,2
710,0,0,1,1
711,0,0,1,1
712,0,0,1,1
