seed,algorithm,condition,n_iter,surrogates_fitted,search_kappa,repeated_cv_mean,repeated_cv_sd,ci95_low,ci95_high,heldout_kappa,heldout_auc,accuracy,best_params
21,MLP,random5,5,1,0.8261283679219789,0.7888522720860616,0.0715351315294192,0.7749477632656002,0.8027801487585191,0.6623376623376623,0.9016203703703703,0.8645833333333334,"{""NN__activation"": ""tanh"", ""NN__alpha"": 1.0005069643949672e-05, ""NN__hidden_layer_sizes"": 7, ""NN__learning_rate_init"": 7.656010912714263e-07}"
21,MLP,bayes15,15,6,0.8261283679219789,0.7888522720860616,0.0715351315294192,0.7749477632656002,0.8027801487585191,0.6623376623376623,0.9016203703703703,0.8645833333333334,"{""NN__activation"": ""tanh"", ""NN__alpha"": 1.0005069643949672e-05, ""NN__hidden_layer_sizes"": 7, ""NN__learning_rate_init"": 7.656010912714263e-07}"
21,MLP,random15,15,1,0.8261283679219789,0.7888522720860616,0.0715351315294192,0.7749477632656002,0.8027801487585191,0.6623376623376623,0.9016203703703703,0.8645833333333334,"{""NN__activation"": ""tanh"", ""NN__alpha"": 1.0005069643949672e-05, ""NN__hidden_layer_sizes"": 7, ""NN__learning_rate_init"": 7.656010912714263e-07}"
21,SVM,random5,5,1,0.844024296415739,0.8253852404851174,0.0747393734524138,0.8109822109509774,0.8399151637270611,0.76,0.929976851851852,0.90625,"{""svm__C"": 0.7185240725598854, ""svm__gamma"": 0.05072306207798868, ""svm__kernel"": ""rbf""}"
21,SVM,bayes15,15,6,0.8798959147464984,0.8495922810075384,0.0738764548593527,0.8356043213434736,0.863786499250817,0.6842105263157895,0.9253472222222222,0.875,"{""svm__C"": 0.9542207788995516, ""svm__gamma"": 0.08347485718406904, ""svm__kernel"": ""rbf""}"
21,SVM,random15,15,1,0.8798959147464984,0.8495922810075384,0.0738764548593527,0.8356043213434736,0.863786499250817,0.6842105263157895,0.9253472222222222,0.875,"{""svm__C"": 0.9542207788995516, ""svm__gamma"": 0.08347485718406904, ""svm__kernel"": ""rbf""}"
21,XGBoost,random5,5,1,0.868213384667684,0.8499405802398665,0.0745051695542288,0.8349495993889634,0.8647344535417577,0.736842105263158,0.9479166666666669,0.8958333333333334,"{""xgb__colsample_bytree"": 0.4066604603212028, ""xgb__gamma"": 1.3915254966127013, ""xgb__learning_rate"": 0.08244616809299331, ""xgb__max_depth"": 6, ""xgb__max_leaves"": 97, ""xgb__min_child_weight"": 0.42242968024018873, ""xgb__n_estimators"": 141, ""xgb__reg_alpha"": 0.0003968673350639731, ""xgb__reg_lambda"": 0.01172669764590184, ""xgb__subsample"": 0.6099003094536355}"
21,XGBoost,bayes15,15,6,0.8921577109262326,0.8736638292521954,0.0740046722362675,0.8591364785930447,0.8877691729370635,0.7777777777777778,0.949074074074074,0.9166666666666666,"{""xgb__colsample_bytree"": 0.4, ""xgb__gamma"": 0.0, ""xgb__learning_rate"": 0.2, ""xgb__max_depth"": 6, ""xgb__max_leaves"": 100, ""xgb__min_child_weight"": 0.1, ""xgb__n_estimators"": 55, ""xgb__reg_alpha"": 0.004735893375157792, ""xgb__reg_lambda"": 0.007809462089649638, ""xgb__subsample"": 0.6}"
21,XGBoost,random15,15,1,0.868213384667684,0.8499405802398665,0.0745051695542288,0.8349495993889634,0.8647344535417577,0.736842105263158,0.9479166666666669,0.8958333333333334,"{""xgb__colsample_bytree"": 0.4066604603212028, ""xgb__gamma"": 1.3915254966127013, ""xgb__learning_rate"": 0.08244616809299331, ""xgb__max_depth"": 6, ""xgb__max_leaves"": 97, ""xgb__min_child_weight"": 0.42242968024018873, ""xgb__n_estimators"": 141, ""xgb__reg_alpha"": 0.0003968673350639731, ""xgb__reg_lambda"": 0.01172669764590184, ""xgb__subsample"": 0.6099003094536355}"
21,LogisticRegression,random5,5,1,0.8201278219874304,0.8178729115775814,0.0707822873963148,0.8040071183054321,0.8319916137442773,0.736842105263158,0.9398148148148148,0.8958333333333334,"{""LGR__C"": 0.4126121236470449, ""LGR__penalty"": ""l2"", ""LGR__solver"": ""lbfgs""}"
21,LogisticRegression,bayes15,15,6,0.8444340744237089,0.8385737962339878,0.0734899912255125,0.8239412387644265,0.8530582627855297,0.6923076923076923,0.9427083333333334,0.875,"{""LGR__C"": 9.043511591530093, ""LGR__penalty"": ""l2"", ""LGR__solver"": ""lbfgs""}"
21,LogisticRegression,random15,15,1,0.8444340744237089,0.8385737962339878,0.0734899912255125,0.8239412387644265,0.8530582627855297,0.6923076923076923,0.9427083333333334,0.875,"{""LGR__C"": 9.043511591530093, ""LGR__penalty"": ""l2"", ""LGR__solver"": ""lbfgs""}"
7,MLP,random5,5,1,0.8203312412999193,0.8032032405015644,0.0687960180318505,0.7891792867853015,0.8158803768915378,0.76,0.9291087962962964,0.90625,"{""NN__activation"": ""tanh"", ""NN__alpha"": 1.000455618881893e-05, ""NN__hidden_layer_sizes"": 13, ""NN__learning_rate_init"": 2.9860536917102795e-07}"
7,MLP,bayes15,15,6,0.8443767683884207,0.8142773433676851,0.0612317286603253,0.802478877608906,0.825973158566018,0.7222222222222222,0.9149305555555556,0.8958333333333334,"{""NN__activation"": ""tanh"", ""NN__alpha"": 1.0001157234280986e-05, ""NN__hidden_layer_sizes"": 14, ""NN__learning_rate_init"": 4.727975389575377e-07}"
7,MLP,random15,15,1,0.8443767683884207,0.8142773433676851,0.0612317286603253,0.802478877608906,0.825973158566018,0.7222222222222222,0.9149305555555556,0.8958333333333334,"{""NN__activation"": ""tanh"", ""NN__alpha"": 1.0001157234280986e-05, ""NN__hidden_layer_sizes"": 14, ""NN__learning_rate_init"": 4.727975389575377e-07}"
7,SVM,random5,5,1,0.8739324149509535,0.8445077138117538,0.0747752160269015,0.8301559410362112,0.8589756616434076,0.7297297297297297,0.9224537037037036,0.8958333333333334,"{""svm__C"": 0.6384434627377488, ""svm__gamma"": 0.11941917173967524, ""svm__kernel"": ""rbf""}"
7,SVM,bayes15,15,6,0.8739324149509535,0.8445077138117538,0.0747752160269015,0.8301559410362112,0.8589756616434076,0.7297297297297297,0.9224537037037036,0.8958333333333334,"{""svm__C"": 0.6384434627377488, ""svm__gamma"": 0.11941917173967524, ""svm__kernel"": ""rbf""}"
7,SVM,random15,15,1,0.8739324149509535,0.8445077138117538,0.0747752160269015,0.8301559410362112,0.8589756616434076,0.7297297297297297,0.9224537037037036,0.8958333333333334,"{""svm__C"": 0.6384434627377488, ""svm__gamma"": 0.11941917173967524, ""svm__kernel"": ""rbf""}"
7,XGBoost,random5,5,1,0.8502374256338763,0.8275034207961071,0.0802929642583748,0.8113882268903305,0.8431598673753715,0.7142857142857143,0.9346064814814816,0.8854166666666666,"{""xgb__colsample_bytree"": 0.5410523092242094, ""xgb__gamma"": 2.6926851367565052, ""xgb__learning_rate"": 0.17681958016092356, ""xgb__max_depth"": 8, ""xgb__max_leaves"": 79, ""xgb__min_child_weight"": 1.11807665468332, ""xgb__n_estimators"": 87, ""xgb__reg_alpha"": 0.00036296226848945114, ""xgb__reg_lambda"": 0.012732603182479367, ""xgb__subsample"": 0.612183792039499}"
7,XGBoost,bayes15,15,6,0.8561903765532268,0.8457356323059263,0.0753464264811793,0.8304141656382418,0.8602170113887992,0.6708860759493671,0.9438657407407408,0.8645833333333334,"{""xgb__colsample_bytree"": 0.4621514076353583, ""xgb__gamma"": 2.2011516124217407, ""xgb__learning_rate"": 0.03094671432893774, ""xgb__max_depth"": 8, ""xgb__max_leaves"": 87, ""xgb__min_child_weight"": 0.3362756323555354, ""xgb__n_estimators"": 351, ""xgb__reg_alpha"": 0.0597709500045376, ""xgb__reg_lambda"": 0.0035708653502103025, ""xgb__subsample"": 0.7583819088830278}"
7,XGBoost,random15,15,1,0.8681437603872686,0.8642714797027913,0.080339900141966,0.8483855386851025,0.8797919705010456,0.7142857142857143,0.9438657407407408,0.8854166666666666,"{""xgb__colsample_bytree"": 0.569519735774995, ""xgb__gamma"": 0.34158012172493485, ""xgb__learning_rate"": 0.024841065817199134, ""xgb__max_depth"": 7, ""xgb__max_leaves"": 64, ""xgb__min_child_weight"": 0.2064658758058908, ""xgb__n_estimators"": 346, ""xgb__reg_alpha"": 1.8251410184903378e-07, ""xgb__reg_lambda"": 0.001696472908878344, ""xgb__subsample"": 0.7656124933063954}"
7,LogisticRegression,random5,5,1,0.8263226495121438,0.8196669703645404,0.0727685428996779,0.8055592718295207,0.8339909958775737,0.6708860759493671,0.9328703703703703,0.8645833333333334,"{""LGR__C"": 87.83833848490444, ""LGR__penalty"": ""l2"", ""LGR__solver"": ""lbfgs""}"
7,LogisticRegression,bayes15,15,6,0.8444340744237089,0.8376794636432221,0.0736335462437853,0.823032909918433,0.8519644563928892,0.6923076923076923,0.9432870370370372,0.875,"{""LGR__C"": 9.97621050250334, ""LGR__penalty"": ""l2"", ""LGR__solver"": ""lbfgs""}"
7,LogisticRegression,random15,15,1,0.8385037481586688,0.8388754741248193,0.076927972634163,0.8236093173581441,0.8537955431478615,0.6923076923076923,0.9421296296296297,0.875,"{""LGR__C"": 19.444494612784542, ""LGR__penalty"": ""l2"", ""LGR__solver"": ""lbfgs""}"
101,MLP,random5,5,1,0.8443767683884207,0.8142773433676851,0.0612317286603253,0.802478877608906,0.825973158566018,0.7222222222222222,0.9149305555555556,0.8958333333333334,"{""NN__activation"": ""tanh"", ""NN__alpha"": 1.0002622813069313e-05, ""NN__hidden_layer_sizes"": 14, ""NN__learning_rate_init"": 6.690745973614416e-07}"
101,MLP,bayes15,15,6,0.8443767683884207,0.8142773433676851,0.0612317286603253,0.802478877608906,0.825973158566018,0.7222222222222222,0.9149305555555556,0.8958333333333334,"{""NN__activation"": ""tanh"", ""NN__alpha"": 1.0002622813069313e-05, ""NN__hidden_layer_sizes"": 14, ""NN__learning_rate_init"": 6.690745973614416e-07}"
101,MLP,random15,15,1,0.8443767683884207,0.8142773433676851,0.0612317286603253,0.802478877608906,0.825973158566018,0.7222222222222222,0.9149305555555556,0.8958333333333334,"{""NN__activation"": ""tanh"", ""NN__alpha"": 1.0002622813069313e-05, ""NN__hidden_layer_sizes"": 14, ""NN__learning_rate_init"": 6.690745973614416e-07}"
101,SVM,random5,5,1,0.8739324102138177,0.8445197874754252,0.0737894585712071,0.8302230796678421,0.858871393042874,0.76,0.9288194444444444,0.90625,"{""svm__C"": 0.7795222532781029, ""svm__gamma"": 0.0757591744228526, ""svm__kernel"": ""rbf""}"
101,SVM,bayes15,15,6,0.8739324149509535,0.8481122217569345,0.07347834824826,0.8341028432910045,0.8622418688464359,0.6842105263157895,0.921875,0.875,"{""svm__C"": 0.763882045255912, ""svm__gamma"": 0.11391295405523114, ""svm__kernel"": ""rbf""}"
101,SVM,random15,15,1,0.8739324149509535,0.8481122217569345,0.07347834824826,0.8341028432910045,0.8622418688464359,0.6842105263157895,0.921875,0.875,"{""svm__C"": 0.763882045255912, ""svm__gamma"": 0.11391295405523114, ""svm__kernel"": ""rbf""}"
101,XGBoost,random5,5,1,0.8561367734692498,0.8568159132924495,0.0817215795246716,0.8402181225951815,0.8726816024653142,0.7837837837837838,0.9438657407407408,0.9166666666666666,"{""xgb__colsample_bytree"": 0.7348018021829412, ""xgb__gamma"": 0.609529028789222, ""xgb__learning_rate"": 0.022704306778469182, ""xgb__max_depth"": 5, ""xgb__max_leaves"": 85, ""xgb__min_child_weight"": 2.0958397801696425, ""xgb__n_estimators"": 383, ""xgb__reg_alpha"": 2.533536987897602e-08, ""xgb__reg_lambda"": 0.0028176787987042153, ""xgb__subsample"": 0.8257431264400218}"
101,XGBoost,bayes15,15,6,0.8562491274777575,0.8466441545986908,0.0783944698017264,0.830998201737659,0.8618699202570338,0.6708860759493671,0.9444444444444444,0.8645833333333334,"{""xgb__colsample_bytree"": 0.5376622270816384, ""xgb__gamma"": 2.3287661258754957, ""xgb__learning_rate"": 0.040776474914630746, ""xgb__max_depth"": 8, ""xgb__max_leaves"": 55, ""xgb__min_child_weight"": 1.5340594398089193, ""xgb__n_estimators"": 143, ""xgb__reg_alpha"": 0.0006466566819653357, ""xgb__reg_lambda"": 0.01052146742082009, ""xgb__subsample"": 0.7279551525086168}"
101,XGBoost,random15,15,1,0.8741875025336661,0.853536510042693,0.0715680079578466,0.8390863921711169,0.8673832357982698,0.736842105263158,0.9403935185185186,0.8958333333333334,"{""xgb__colsample_bytree"": 0.5354712765849331, ""xgb__gamma"": 1.0575607458550627, ""xgb__learning_rate"": 0.020919340067880578, ""xgb__max_depth"": 6, ""xgb__max_leaves"": 69, ""xgb__min_child_weight"": 0.14816974582470394, ""xgb__n_estimators"": 55, ""xgb__reg_alpha"": 2.0719382762290727e-07, ""xgb__reg_lambda"": 0.017424341834596953, ""xgb__subsample"": 0.6842098139115443}"
101,LogisticRegression,random5,5,1,0.8444340744237089,0.83798149659302,0.0747135099900646,0.8233869563432076,0.8524286645853179,0.6923076923076923,0.9427083333333334,0.875,"{""LGR__C"": 15.31166882771432, ""LGR__penalty"": ""l2"", ""LGR__solver"": ""lbfgs""}"
101,LogisticRegression,bayes15,15,6,0.8444340744237089,0.83798149659302,0.0747135099900646,0.8233869563432076,0.8524286645853179,0.6923076923076923,0.9427083333333334,0.875,"{""LGR__C"": 15.31166882771432, ""LGR__penalty"": ""l2"", ""LGR__solver"": ""lbfgs""}"
101,LogisticRegression,random15,15,1,0.8444340744237089,0.83798149659302,0.0747135099900646,0.8233869563432076,0.8524286645853179,0.6923076923076923,0.9427083333333334,0.875,"{""LGR__C"": 15.31166882771432, ""LGR__penalty"": ""l2"", ""LGR__solver"": ""lbfgs""}"
1234,MLP,random5,5,1,0.8203312412999193,0.8032032405015644,0.0687960180318505,0.7891792867853015,0.8158803768915378,0.76,0.9267939814814814,0.90625,"{""NN__activation"": ""tanh"", ""NN__alpha"": 1.000167942773931e-05, ""NN__hidden_layer_sizes"": 13, ""NN__learning_rate_init"": 9.763462475470704e-07}"
1234,MLP,bayes15,15,6,0.8443767683884207,0.8142773433676851,0.0612317286603253,0.802478877608906,0.825973158566018,0.7222222222222222,0.9146412037037036,0.8958333333333334,"{""NN__activation"": ""tanh"", ""NN__alpha"": 1.000381584369249e-05, ""NN__hidden_layer_sizes"": 14, ""NN__learning_rate_init"": 5.641459314632089e-07}"
1234,MLP,random15,15,1,0.8203312412999193,0.8032032405015644,0.0687960180318505,0.7891792867853015,0.8158803768915378,0.76,0.9267939814814814,0.90625,"{""NN__activation"": ""tanh"", ""NN__alpha"": 1.000167942773931e-05, ""NN__hidden_layer_sizes"": 13, ""NN__learning_rate_init"": 9.763462475470704e-07}"
1234,SVM,random5,5,1,0.8500783873776216,0.8289774066369262,0.0727145651837534,0.8148874836714162,0.8430797678980068,0.76,0.929398148148148,0.90625,"{""svm__C"": 0.9156633484121773, ""svm__gamma"": 0.039856781221671016, ""svm__kernel"": ""rbf""}"
1234,SVM,bayes15,15,6,0.8798959147464984,0.8501982762812769,0.0743492619552877,0.8359352668274238,0.8642799643009967,0.6842105263157895,0.9241898148148148,0.875,"{""svm__C"": 0.8958406179282804, ""svm__gamma"": 0.09174261753913579, ""svm__kernel"": ""rbf""}"
1234,SVM,random15,15,1,0.8798959147464984,0.8501982762812769,0.0743492619552877,0.8359352668274238,0.8642799643009967,0.6842105263157895,0.9241898148148148,0.875,"{""svm__C"": 0.8958406179282804, ""svm__gamma"": 0.09174261753913579, ""svm__kernel"": ""rbf""}"
1234,XGBoost,random5,5,1,0.8440040697085871,0.8244805826316629,0.0868122095160668,0.8067629504448124,0.8411783629870129,0.7142857142857143,0.921875,0.8854166666666666,"{""xgb__colsample_bytree"": 0.5216918092689032, ""xgb__gamma"": 4.356140447970786, ""xgb__learning_rate"": 0.039901803677244524, ""xgb__max_depth"": 7, ""xgb__max_leaves"": 62, ""xgb__min_child_weight"": 2.397374414942264, ""xgb__n_estimators"": 75, ""xgb__reg_alpha"": 1.1193939961125611e-07, ""xgb__reg_lambda"": 0.003935244654053155, ""xgb__subsample"": 0.8319591223913871}"
1234,XGBoost,bayes15,15,6,0.874166037611138,0.8598188042568122,0.0778500701831936,0.844850356780382,0.8749996222176583,0.76,0.949074074074074,0.90625,"{""xgb__colsample_bytree"": 0.4, ""xgb__gamma"": 0.0, ""xgb__learning_rate"": 0.2, ""xgb__max_depth"": 5, ""xgb__max_leaves"": 50, ""xgb__min_child_weight"": 0.1, ""xgb__n_estimators"": 400, ""xgb__reg_alpha"": 1.0, ""xgb__reg_lambda"": 0.001, ""xgb__subsample"": 0.9}"
1234,XGBoost,random15,15,1,0.8621635038255373,0.8621966131233026,0.0768020587007013,0.8468704862521355,0.8771314002883656,0.7142857142857143,0.9403935185185186,0.8854166666666666,"{""xgb__colsample_bytree"": 0.48733703336980977, ""xgb__gamma"": 1.0552940749268593, ""xgb__learning_rate"": 0.01095027431543449, ""xgb__max_depth"": 7, ""xgb__max_leaves"": 91, ""xgb__min_child_weight"": 0.2524463050388213, ""xgb__n_estimators"": 112, ""xgb__reg_alpha"": 2.860230737877368e-07, ""xgb__reg_lambda"": 0.001248603642974139, ""xgb__subsample"": 0.6506187049088691}"
1234,LogisticRegression,random5,5,1,0.8444725535019568,0.8367701524006235,0.0757321367621951,0.8218553846664568,0.8516721769680773,0.6923076923076923,0.9409722222222222,0.875,"{""LGR__C"": 23.14439899864545, ""LGR__penalty"": ""l2"", ""LGR__solver"": ""lbfgs""}"
1234,LogisticRegression,bayes15,15,6,0.8444725535019568,0.8367701524006235,0.0757321367621951,0.8218553846664568,0.8516721769680773,0.6923076923076923,0.9409722222222222,0.875,"{""LGR__C"": 23.14439899864545, ""LGR__penalty"": ""l2"", ""LGR__solver"": ""lbfgs""}"
1234,LogisticRegression,random15,15,1,0.8444725535019568,0.8367701524006235,0.0757321367621951,0.8218553846664568,0.8516721769680773,0.6923076923076923,0.9409722222222222,0.875,"{""LGR__C"": 23.14439899864545, ""LGR__penalty"": ""l2"", ""LGR__solver"": ""lbfgs""}"
2718,MLP,random5,5,1,0.8443767683884207,0.8142773433676851,0.0612317286603253,0.802478877608906,0.825973158566018,0.7222222222222222,0.9146412037037036,0.8958333333333334,"{""NN__activation"": ""tanh"", ""NN__alpha"": 1.0005062499253141e-05, ""NN__hidden_layer_sizes"": 14, ""NN__learning_rate_init"": 4.0605072066641247e-07}"
2718,MLP,bayes15,15,6,0.8443767683884207,0.8142773433676851,0.0612317286603253,0.802478877608906,0.825973158566018,0.7222222222222222,0.9146412037037036,0.8958333333333334,"{""NN__activation"": ""tanh"", ""NN__alpha"": 1.0005062499253141e-05, ""NN__hidden_layer_sizes"": 14, ""NN__learning_rate_init"": 4.0605072066641247e-07}"
2718,MLP,random15,15,1,0.8443767683884207,0.8142773433676851,0.0612317286603253,0.802478877608906,0.825973158566018,0.7222222222222222,0.9146412037037036,0.8958333333333334,"{""NN__activation"": ""tanh"", ""NN__alpha"": 1.0005062499253141e-05, ""NN__hidden_layer_sizes"": 14, ""NN__learning_rate_init"": 4.0605072066641247e-07}"
2718,SVM,random5,5,1,0.8500144879111167,0.8414919382827732,0.0746948951714905,0.8270394659958268,0.8555256323510937,0.7297297297297297,0.9120370370370372,0.8958333333333334,"{""svm__C"": 0.8263324165169075, ""svm__gamma"": 0.24531193845301763, ""svm__kernel"": ""rbf""}"
2718,SVM,bayes15,15,6,0.8798959147464984,0.8504967146180958,0.0743863588572825,0.8361711383140141,0.8647644185358517,0.736842105263158,0.9265046296296298,0.8958333333333334,"{""svm__C"": 1.0, ""svm__gamma"": 0.06831457092781845, ""svm__kernel"": ""rbf""}"
2718,SVM,random15,15,1,0.8619136075907425,0.8439078950606266,0.0700731684988923,0.8304055993341319,0.8575348800940785,0.76,0.9288194444444444,0.90625,"{""svm__C"": 0.9953065454948415, ""svm__gamma"": 0.05071869211182635, ""svm__kernel"": ""rbf""}"
2718,XGBoost,random5,5,1,0.8502213350640406,0.8610195798820195,0.0779010781993933,0.8456423251278048,0.8764133887918888,0.7142857142857143,0.9403935185185186,0.8854166666666666,"{""xgb__colsample_bytree"": 0.6452735346416822, ""xgb__gamma"": 0.38215579618182954, ""xgb__learning_rate"": 0.16242802295792177, ""xgb__max_depth"": 8, ""xgb__max_leaves"": 77, ""xgb__min_child_weight"": 0.6729386309625104, ""xgb__n_estimators"": 359, ""xgb__reg_alpha"": 0.02828636864175993, ""xgb__reg_lambda"": 0.0015349989518893261, ""xgb__subsample"": 0.6962416126053333}"
2718,XGBoost,bayes15,15,6,0.8861239418146443,0.8547461023510821,0.0745405437449038,0.8399297372601664,0.8696537576081554,0.7142857142857143,0.9247685185185186,0.8854166666666666,"{""xgb__colsample_bytree"": 0.4, ""xgb__gamma"": 0.27555346054676716, ""xgb__learning_rate"": 0.2, ""xgb__max_depth"": 5, ""xgb__max_leaves"": 78, ""xgb__min_child_weight"": 1.9783179825257988, ""xgb__n_estimators"": 50, ""xgb__reg_alpha"": 2.4810896181294215e-07, ""xgb__reg_lambda"": 0.001, ""xgb__subsample"": 0.9}"
2718,XGBoost,random15,15,1,0.8681384358402326,0.8580439198619493,0.0722138866922488,0.8440122224147837,0.8723779111960246,0.7142857142857143,0.9427083333333331,0.8854166666666666,"{""xgb__colsample_bytree"": 0.6285644325782127, ""xgb__gamma"": 0.770709502618286, ""xgb__learning_rate"": 0.15707009179320727, ""xgb__max_depth"": 7, ""xgb__max_leaves"": 84, ""xgb__min_child_weight"": 1.438679074447127, ""xgb__n_estimators"": 139, ""xgb__reg_alpha"": 2.60073377331366e-08, ""xgb__reg_lambda"": 0.4243604280184788, ""xgb__subsample"": 0.6842159149659403}"
2718,LogisticRegression,random5,5,1,0.8384119474413507,0.8337918546905658,0.0737675906517445,0.819340552462802,0.8481222180334607,0.6923076923076923,0.9392361111111112,0.875,"{""LGR__C"": 27.909739940107244, ""LGR__penalty"": ""l2"", ""LGR__solver"": ""lbfgs""}"
2718,LogisticRegression,bayes15,15,6,0.8444340744237089,0.8391699474829443,0.0717458774632424,0.8249382286955552,0.8531906580959466,0.6923076923076923,0.943287037037037,0.875,"{""LGR__C"": 13.531245112379345, ""LGR__penalty"": ""l2"", ""LGR__solver"": ""lbfgs""}"
2718,LogisticRegression,random15,15,1,0.8384119474413507,0.8337918546905658,0.0737675906517445,0.819340552462802,0.8481222180334607,0.6923076923076923,0.9392361111111112,0.875,"{""LGR__C"": 27.909739940107244, ""LGR__penalty"": ""l2"", ""LGR__solver"": ""lbfgs""}"
3,MLP,random5,5,1,0.8261283679219789,0.7903462791504231,0.0720098238052081,0.7762812554600664,0.8040422777756566,0.620253164556962,0.8987268518518519,0.84375,"{""NN__activation"": ""tanh"", ""NN__alpha"": 1.0003920373999582e-05, ""NN__hidden_layer_sizes"": 7, ""NN__learning_rate_init"": 2.953795772549548e-07}"
3,MLP,bayes15,15,6,0.8443767683884207,0.8142773433676851,0.0612317286603253,0.802478877608906,0.825973158566018,0.7222222222222222,0.914351851851852,0.8958333333333334,"{""NN__activation"": ""tanh"", ""NN__alpha"": 1.0005942656275361e-05, ""NN__hidden_layer_sizes"": 14, ""NN__learning_rate_init"": 1.0286759874233037e-07}"
3,MLP,random15,15,1,0.8261283679219789,0.7903462791504231,0.0720098238052081,0.7762812554600664,0.8040422777756566,0.620253164556962,0.8987268518518519,0.84375,"{""NN__activation"": ""tanh"", ""NN__alpha"": 1.0003920373999582e-05, ""NN__hidden_layer_sizes"": 7, ""NN__learning_rate_init"": 2.953795772549548e-07}"
3,SVM,random5,5,1,0.8619627928119165,0.8453992602520127,0.0733542185225958,0.8313498715160516,0.8595289334057552,0.7534246575342466,0.918402777777778,0.90625,"{""svm__C"": 0.6231565523357376, ""svm__gamma"": 0.20626480486887533, ""svm__kernel"": ""rbf""}"
3,SVM,bayes15,15,6,0.8798959147464984,0.8504940686335029,0.0734314320099536,0.8364982961275541,0.86451475750297,0.736842105263158,0.9276620370370372,0.8958333333333334,"{""svm__C"": 1.0, ""svm__gamma"": 0.06930056855471568, ""svm__kernel"": ""rbf""}"
3,SVM,random15,15,1,0.8619627928119165,0.8453992602520127,0.0733542185225958,0.8313498715160516,0.8595289334057552,0.7534246575342466,0.918402777777778,0.90625,"{""svm__C"": 0.6231565523357376, ""svm__gamma"": 0.20626480486887533, ""svm__kernel"": ""rbf""}"
3,XGBoost,random5,5,1,0.8502429241388038,0.8358718220997662,0.0829356788304908,0.8195605137646522,0.8518281997386964,0.6708860759493671,0.935763888888889,0.8645833333333334,"{""xgb__colsample_bytree"": 0.52706662182667, ""xgb__gamma"": 3.2860628256864723, ""xgb__learning_rate"": 0.02055474124109102, ""xgb__max_depth"": 6, ""xgb__max_leaves"": 59, ""xgb__min_child_weight"": 0.31786469491286573, ""xgb__n_estimators"": 83, ""xgb__reg_alpha"": 1.6459518237317174e-07, ""xgb__reg_lambda"": 0.03712698240360151, ""xgb__subsample"": 0.7961604419189741}"
3,XGBoost,bayes15,15,6,0.8981374222750743,0.8823034092886339,0.07228371343297,0.8679980844076928,0.8964029867808957,0.736842105263158,0.9403935185185184,0.8958333333333334,"{""xgb__colsample_bytree"": 0.4, ""xgb__gamma"": 0.0, ""xgb__learning_rate"": 0.01, ""xgb__max_depth"": 6, ""xgb__max_leaves"": 50, ""xgb__min_child_weight"": 0.3346616417692437, ""xgb__n_estimators"": 336, ""xgb__reg_alpha"": 1e-08, ""xgb__reg_lambda"": 0.0011449936010300714, ""xgb__subsample"": 0.7765063860116326}"
3,XGBoost,random15,15,1,0.8861464351765566,0.8658049408793087,0.0756089199592512,0.8507864605740602,0.8807346741513226,0.6923076923076923,0.9369212962962964,0.875,"{""xgb__colsample_bytree"": 0.44346649530050514, ""xgb__gamma"": 1.0310914937893065, ""xgb__learning_rate"": 0.01089385311251328, ""xgb__max_depth"": 7, ""xgb__max_leaves"": 50, ""xgb__min_child_weight"": 0.531229913268943, ""xgb__n_estimators"": 278, ""xgb__reg_alpha"": 4.1608049578892297e-08, ""xgb__reg_lambda"": 0.0024842278495273247, ""xgb__subsample"": 0.7627000835522725}"
3,LogisticRegression,random5,5,1,0.8444340744237089,0.8379713193620689,0.0740019170737113,0.823424145709573,0.8523598690488046,0.6923076923076923,0.9427083333333334,0.875,"{""LGR__C"": 11.183714984437357, ""LGR__penalty"": ""l2"", ""LGR__solver"": ""lbfgs""}"
3,LogisticRegression,bayes15,15,6,0.8444340744237089,0.8379713193620689,0.0740019170737113,0.823424145709573,0.8523598690488046,0.6923076923076923,0.9427083333333334,0.875,"{""LGR__C"": 11.183714984437357, ""LGR__penalty"": ""l2"", ""LGR__solver"": ""lbfgs""}"
3,LogisticRegression,random15,15,1,0.8444340744237089,0.8379713193620689,0.0740019170737113,0.823424145709573,0.8523598690488046,0.6923076923076923,0.9427083333333334,0.875,"{""LGR__C"": 11.183714984437357, ""LGR__penalty"": ""l2"", ""LGR__solver"": ""lbfgs""}"
42,MLP,random5,5,1,0.8443767683884207,0.8142773433676851,0.0612317286603253,0.802478877608906,0.825973158566018,0.7222222222222222,0.9146412037037036,0.8958333333333334,"{""NN__activation"": ""tanh"", ""NN__alpha"": 1.0004341087233481e-05, ""NN__hidden_layer_sizes"": 14, ""NN__learning_rate_init"": 2.069186296126173e-07}"
42,MLP,bayes15,15,6,0.8443767683884207,0.8142773433676851,0.0612317286603253,0.802478877608906,0.825973158566018,0.7222222222222222,0.9146412037037036,0.8958333333333334,"{""NN__activation"": ""tanh"", ""NN__alpha"": 1.0004341087233481e-05, ""NN__hidden_layer_sizes"": 14, ""NN__learning_rate_init"": 2.069186296126173e-07}"
42,MLP,random15,15,1,0.8443767683884207,0.8142773433676851,0.0612317286603253,0.802478877608906,0.825973158566018,0.7222222222222222,0.9146412037037036,0.8958333333333334,"{""NN__activation"": ""tanh"", ""NN__alpha"": 1.0004341087233481e-05, ""NN__hidden_layer_sizes"": 14, ""NN__learning_rate_init"": 2.069186296126173e-07}"
42,SVM,random5,5,1,0.8798959147464984,0.8484082192498674,0.0738068867946845,0.83427868589639,0.8625556902897938,0.736842105263158,0.9288194444444444,0.8958333333333334,"{""svm__C"": 0.8702811428778612, ""svm__gamma"": 0.07517239253342656, ""svm__kernel"": ""rbf""}"
42,SVM,bayes15,15,6,0.8798959147464984,0.8484082192498674,0.0738068867946845,0.83427868589639,0.8625556902897938,0.736842105263158,0.9288194444444444,0.8958333333333334,"{""svm__C"": 0.8702811428778612, ""svm__gamma"": 0.07517239253342656, ""svm__kernel"": ""rbf""}"
42,SVM,random15,15,1,0.8798959147464984,0.8484082192498674,0.0738068867946845,0.83427868589639,0.8625556902897938,0.736842105263158,0.9288194444444444,0.8958333333333334,"{""svm__C"": 0.8702811428778612, ""svm__gamma"": 0.07517239253342656, ""svm__kernel"": ""rbf""}"
42,XGBoost,random5,5,1,0.8323526222996798,0.8391500633958796,0.0885125278517543,0.8215852892373257,0.8564035456061887,0.7142857142857143,0.934027777777778,0.8854166666666666,"{""xgb__colsample_bytree"": 0.7198213766428693, ""xgb__gamma"": 2.190145932204617, ""xgb__learning_rate"": 0.04843382015645565, ""xgb__max_depth"": 7, ""xgb__max_leaves"": 95, ""xgb__min_child_weight"": 2.7168289873702833, ""xgb__n_estimators"": 198, ""xgb__reg_alpha"": 0.0015932092308169063, ""xgb__reg_lambda"": 0.020232360451712422, ""xgb__subsample"": 0.7978278686097289}"
42,XGBoost,bayes15,15,6,0.8740742511496411,0.8568042078765419,0.0792571896630292,0.841385267450131,0.8722067210483603,0.76,0.941550925925926,0.90625,"{""xgb__colsample_bytree"": 0.4, ""xgb__gamma"": 0.0, ""xgb__learning_rate"": 0.2, ""xgb__max_depth"": 8, ""xgb__max_leaves"": 50, ""xgb__min_child_weight"": 0.15273953976120425, ""xgb__n_estimators"": 400, ""xgb__reg_alpha"": 1.0, ""xgb__reg_lambda"": 0.001, ""xgb__subsample"": 0.9}"
42,XGBoost,random15,15,1,0.8621160964918435,0.8663942880176774,0.0819165219607871,0.8499598369257924,0.8820774509337752,0.7837837837837838,0.9427083333333331,0.9166666666666666,"{""xgb__colsample_bytree"": 0.6108439230986429, ""xgb__gamma"": 0.06591517818926919, ""xgb__learning_rate"": 0.12765913049883412, ""xgb__max_depth"": 6, ""xgb__max_leaves"": 90, ""xgb__min_child_weight"": 0.22283502045856254, ""xgb__n_estimators"": 73, ""xgb__reg_alpha"": 0.0004827503174426639, ""xgb__reg_lambda"": 0.057783031614910725, ""xgb__subsample"": 0.8597738617445854}"
42,LogisticRegression,random5,5,1,0.8444340744237089,0.8388773423782103,0.0738440094085077,0.8243903096952507,0.853269374810213,0.6923076923076923,0.9432870370370372,0.875,"{""LGR__C"": 15.37948446580078, ""LGR__penalty"": ""l2"", ""LGR__solver"": ""lbfgs""}"
42,LogisticRegression,bayes15,15,6,0.8444340744237089,0.8388773423782103,0.0738440094085077,0.8243903096952507,0.853269374810213,0.6923076923076923,0.9432870370370372,0.875,"{""LGR__C"": 15.37948446580078, ""LGR__penalty"": ""l2"", ""LGR__solver"": ""lbfgs""}"
42,LogisticRegression,random15,15,1,0.8444340744237089,0.8388773423782103,0.0738440094085077,0.8243903096952507,0.853269374810213,0.6923076923076923,0.9432870370370372,0.875,"{""LGR__C"": 15.37948446580078, ""LGR__penalty"": ""l2"", ""LGR__solver"": ""lbfgs""}"
777,MLP,random5,5,1,0.8443767683884207,0.8142773433676851,0.0612317286603253,0.802478877608906,0.825973158566018,0.7222222222222222,0.9146412037037036,0.8958333333333334,"{""NN__activation"": ""tanh"", ""NN__alpha"": 1.0002962590175619e-05, ""NN__hidden_layer_sizes"": 14, ""NN__learning_rate_init"": 1.259377689791269e-07}"
777,MLP,bayes15,15,6,0.8443767683884207,0.8142773433676851,0.0612317286603253,0.802478877608906,0.825973158566018,0.7222222222222222,0.9146412037037036,0.8958333333333334,"{""NN__activation"": ""tanh"", ""NN__alpha"": 1.0002962590175619e-05, ""NN__hidden_layer_sizes"": 14, ""NN__learning_rate_init"": 1.259377689791269e-07}"
777,MLP,random15,15,1,0.8443767683884207,0.8142773433676851,0.0612317286603253,0.802478877608906,0.825973158566018,0.7222222222222222,0.9146412037037036,0.8958333333333334,"{""NN__activation"": ""tanh"", ""NN__alpha"": 1.0002962590175619e-05, ""NN__hidden_layer_sizes"": 14, ""NN__learning_rate_init"": 1.259377689791269e-07}"
777,SVM,random5,5,1,0.8739324149509535,0.8490061713928186,0.0711038800653025,0.8352723409850425,0.8627461134087487,0.6842105263157895,0.9224537037037038,0.875,"{""svm__C"": 0.9002831866303463, ""svm__gamma"": 0.10583889705671752, ""svm__kernel"": ""rbf""}"
777,SVM,bayes15,15,6,0.8798959147464984,0.8498966474438678,0.0730759374329224,0.8359981904768472,0.8638613193144165,0.6842105263157895,0.9253472222222224,0.875,"{""svm__C"": 1.0, ""svm__gamma"": 0.08131479636103803, ""svm__kernel"": ""rbf""}"
777,SVM,random15,15,1,0.8798959147464984,0.8505007802803037,0.0736824018608438,0.83635314643191,0.8645575972385281,0.6842105263157895,0.9236111111111112,0.875,"{""svm__C"": 0.9257840958388497, ""svm__gamma"": 0.09221840264894231, ""svm__kernel"": ""rbf""}"
777,XGBoost,random5,5,1,0.8681225648783955,0.8466303098424568,0.0754959655288984,0.8314739622650282,0.8610538893502044,0.7142857142857143,0.9363425925925926,0.8854166666666666,"{""xgb__colsample_bytree"": 0.47649331849995413, ""xgb__gamma"": 1.9902558867935767, ""xgb__learning_rate"": 0.041653102812358796, ""xgb__max_depth"": 7, ""xgb__max_leaves"": 92, ""xgb__min_child_weight"": 2.3791807833515346, ""xgb__n_estimators"": 382, ""xgb__reg_alpha"": 0.008403370024409124, ""xgb__reg_lambda"": 0.07339529222648974, ""xgb__subsample"": 0.850178121078409}"
777,XGBoost,bayes15,15,6,0.8681225648783955,0.8466303098424568,0.0754959655288984,0.8314739622650282,0.8610538893502044,0.7142857142857143,0.9363425925925926,0.8854166666666666,"{""xgb__colsample_bytree"": 0.47649331849995413, ""xgb__gamma"": 1.9902558867935767, ""xgb__learning_rate"": 0.041653102812358796, ""xgb__max_depth"": 7, ""xgb__max_leaves"": 92, ""xgb__min_child_weight"": 2.3791807833515346, ""xgb__n_estimators"": 382, ""xgb__reg_alpha"": 0.008403370024409124, ""xgb__reg_lambda"": 0.07339529222648974, ""xgb__subsample"": 0.850178121078409}"
777,XGBoost,random15,15,1,0.8681225648783955,0.8466303098424568,0.0754959655288984,0.8314739622650282,0.8610538893502044,0.7142857142857143,0.9363425925925926,0.8854166666666666,"{""xgb__colsample_bytree"": 0.47649331849995413, ""xgb__gamma"": 1.9902558867935767, ""xgb__learning_rate"": 0.041653102812358796, ""xgb__max_depth"": 7, ""xgb__max_leaves"": 92, ""xgb__min_child_weight"": 2.3791807833515346, ""xgb__n_estimators"": 382, ""xgb__reg_alpha"": 0.008403370024409124, ""xgb__reg_lambda"": 0.07339529222648974, ""xgb__subsample"": 0.850178121078409}"
777,LogisticRegression,random5,5,1,0.8324431420980627,0.8373792029593659,0.0773219116185695,0.822146934161818,0.8524667316179079,0.6923076923076923,0.9421296296296297,0.875,"{""LGR__C"": 17.468431403753517, ""LGR__penalty"": ""l2"", ""LGR__solver"": ""lbfgs""}"
777,LogisticRegression,bayes15,15,6,0.8383734683631028,0.8376835994683003,0.0729921591617476,0.8234179686627972,0.8520414229002918,0.7142857142857143,0.9444444444444444,0.8854166666666666,"{""LGR__C"": 7.787312042210322, ""LGR__penalty"": ""l2"", ""LGR__solver"": ""lbfgs""}"
777,LogisticRegression,random15,15,1,0.8384332575326102,0.8304957672308843,0.0733807501258459,0.81649432201437,0.8452128422065862,0.6923076923076923,0.9375,0.875,"{""LGR__C"": 40.33219240836684, ""LGR__penalty"": ""l2"", ""LGR__solver"": ""lbfgs""}"
31415,MLP,random5,5,1,0.8443767683884207,0.8142773433676851,0.0612317286603253,0.802478877608906,0.825973158566018,0.7222222222222222,0.914351851851852,0.8958333333333334,"{""NN__activation"": ""tanh"", ""NN__alpha"": 1.0003545754788127e-05, ""NN__hidden_layer_sizes"": 14, ""NN__learning_rate_init"": 6.077547194697799e-07}"
31415,MLP,bayes15,15,6,0.8443767683884207,0.8142773433676851,0.0612317286603253,0.802478877608906,0.825973158566018,0.7222222222222222,0.914351851851852,0.8958333333333334,"{""NN__activation"": ""tanh"", ""NN__alpha"": 1.0003545754788127e-05, ""NN__hidden_layer_sizes"": 14, ""NN__learning_rate_init"": 6.077547194697799e-07}"
31415,MLP,random15,15,1,0.8443767683884207,0.8142773433676851,0.0612317286603253,0.802478877608906,0.825973158566018,0.7222222222222222,0.914351851851852,0.8958333333333334,"{""NN__activation"": ""tanh"", ""NN__alpha"": 1.0003545754788127e-05, ""NN__hidden_layer_sizes"": 14, ""NN__learning_rate_init"": 6.077547194697799e-07}"
31415,SVM,random5,5,1,0.8739324149509535,0.8484136032699283,0.0714583135134594,0.8348189708190661,0.8621907297968749,0.6842105263157895,0.9224537037037038,0.875,"{""svm__C"": 0.947584589910607, ""svm__gamma"": 0.10137983541273189, ""svm__kernel"": ""rbf""}"
31415,SVM,bayes15,15,6,0.8798959147464984,0.850198810110566,0.0731174126416667,0.8363282876483508,0.8641380985544002,0.736842105263158,0.9270833333333334,0.8958333333333334,"{""svm__C"": 1.0, ""svm__gamma"": 0.06647434090925976, ""svm__kernel"": ""rbf""}"
31415,SVM,random15,15,1,0.8739922113500768,0.8370269451745276,0.0774655056634553,0.821789957400611,0.8517517240691658,0.7464788732394366,0.9091435185185186,0.90625,"{""svm__C"": 0.5003470413987005, ""svm__gamma"": 0.278518328884485, ""svm__kernel"": ""rbf""}"
31415,XGBoost,random5,5,1,0.8681919911964876,0.8559326947784826,0.0742111843969774,0.8410043958225761,0.8705990399531925,0.6708860759493671,0.9479166666666669,0.8645833333333334,"{""xgb__colsample_bytree"": 0.5155298563328319, ""xgb__gamma"": 1.167327612128469, ""xgb__learning_rate"": 0.05373559850648777, ""xgb__max_depth"": 7, ""xgb__max_leaves"": 79, ""xgb__min_child_weight"": 0.6034458965618332, ""xgb__n_estimators"": 353, ""xgb__reg_alpha"": 0.0001224157200273434, ""xgb__reg_lambda"": 0.016533688177010415, ""xgb__subsample"": 0.662134335700455}"
31415,XGBoost,bayes15,15,6,0.8681919911964876,0.8559326947784826,0.0742111843969774,0.8410043958225761,0.8705990399531925,0.6708860759493671,0.9479166666666669,0.8645833333333334,"{""xgb__colsample_bytree"": 0.5155298563328319, ""xgb__gamma"": 1.167327612128469, ""xgb__learning_rate"": 0.05373559850648777, ""xgb__max_depth"": 7, ""xgb__max_leaves"": 79, ""xgb__min_child_weight"": 0.6034458965618332, ""xgb__n_estimators"": 353, ""xgb__reg_alpha"": 0.0001224157200273434, ""xgb__reg_lambda"": 0.016533688177010415, ""xgb__subsample"": 0.662134335700455}"
31415,XGBoost,random15,15,1,0.8681919911964876,0.8559326947784826,0.0742111843969774,0.8410043958225761,0.8705990399531925,0.6708860759493671,0.9479166666666669,0.8645833333333334,"{""xgb__colsample_bytree"": 0.5155298563328319, ""xgb__gamma"": 1.167327612128469, ""xgb__learning_rate"": 0.05373559850648777, ""xgb__max_depth"": 7, ""xgb__max_leaves"": 79, ""xgb__min_child_weight"": 0.6034458965618332, ""xgb__n_estimators"": 353, ""xgb__reg_alpha"": 0.0001224157200273434, ""xgb__reg_lambda"": 0.016533688177010415, ""xgb__subsample"": 0.662134335700455}"
31415,LogisticRegression,random5,5,1,0.8323566991511641,0.829889173931044,0.0732280636347479,0.8159573249076366,0.8443307084588298,0.6923076923076923,0.9363425925925928,0.875,"{""LGR__C"": 40.89151586319348, ""LGR__penalty"": ""l2"", ""LGR__solver"": ""lbfgs""}"
31415,LogisticRegression,bayes15,15,6,0.8444340744237089,0.8379801778999009,0.0733785432801315,0.8234177901527028,0.8522856538165839,0.7142857142857143,0.9438657407407408,0.8854166666666666,"{""LGR__C"": 8.262729136844646, ""LGR__penalty"": ""l2"", ""LGR__solver"": ""lbfgs""}"
31415,LogisticRegression,random15,15,1,0.8323566991511641,0.829889173931044,0.0732280636347479,0.8159573249076366,0.8443307084588298,0.6923076923076923,0.9363425925925928,0.875,"{""LGR__C"": 40.89151586319348, ""LGR__penalty"": ""l2"", ""LGR__solver"": ""lbfgs""}"
99991,MLP,random5,5,1,0.8443767683884207,0.8142773433676851,0.0612317286603253,0.802478877608906,0.825973158566018,0.7222222222222222,0.914351851851852,0.8958333333333334,"{""NN__activation"": ""tanh"", ""NN__alpha"": 1.0000027458479398e-05, ""NN__hidden_layer_sizes"": 14, ""NN__learning_rate_init"": 2.0796140938039e-07}"
99991,MLP,bayes15,15,6,0.8443767683884207,0.8142773433676851,0.0612317286603253,0.802478877608906,0.825973158566018,0.7222222222222222,0.914351851851852,0.8958333333333334,"{""NN__activation"": ""tanh"", ""NN__alpha"": 1.0000027458479398e-05, ""NN__hidden_layer_sizes"": 14, ""NN__learning_rate_init"": 2.0796140938039e-07}"
99991,MLP,random15,15,1,0.8443767683884207,0.8142773433676851,0.0612317286603253,0.802478877608906,0.825973158566018,0.7222222222222222,0.914351851851852,0.8958333333333334,"{""NN__activation"": ""tanh"", ""NN__alpha"": 1.0000027458479398e-05, ""NN__hidden_layer_sizes"": 14, ""NN__learning_rate_init"": 2.0796140938039e-07}"
99991,SVM,random5,5,1,0.837963690355133,0.8190977952474752,0.0753484588445268,0.8043542536654944,0.8337971399051117,0.76,0.929398148148148,0.90625,"{""svm__C"": 0.652689800570965, ""svm__gamma"": 0.04773424721287762, ""svm__kernel"": ""rbf""}"
99991,SVM,bayes15,15,6,0.8798959147464984,0.8495942214524165,0.0726374018803738,0.8357170516013599,0.8635427844355885,0.736842105263158,0.9270833333333336,0.8958333333333334,"{""svm__C"": 0.9302966119957872, ""svm__gamma"": 0.07358608799317691, ""svm__kernel"": ""rbf""}"
99991,SVM,random15,15,1,0.8739324102138177,0.8442192683599882,0.0740788237560223,0.8300286705652062,0.8584045503021573,0.7297297297297297,0.9253472222222222,0.8958333333333334,"{""svm__C"": 0.6882121281177056, ""svm__gamma"": 0.09850257362881712, ""svm__kernel"": ""rbf""}"
99991,XGBoost,random5,5,1,0.8560278704413566,0.8274789350284305,0.0803060361570463,0.8113757690246366,0.8428157071965598,0.6708860759493671,0.9444444444444444,0.8645833333333334,"{""xgb__colsample_bytree"": 0.44618765055977694, ""xgb__gamma"": 3.9766051363990504, ""xgb__learning_rate"": 0.12683244846792965, ""xgb__max_depth"": 7, ""xgb__max_leaves"": 76, ""xgb__min_child_weight"": 0.29214018101255645, ""xgb__n_estimators"": 292, ""xgb__reg_alpha"": 0.0004983311758055518, ""xgb__reg_lambda"": 0.0024284252570083045, ""xgb__subsample"": 0.7574407256796573}"
99991,XGBoost,bayes15,15,6,0.868213384667684,0.8631144453989273,0.0754740098666389,0.8479967808787116,0.8777757734073405,0.736842105263158,0.9409722222222222,0.8958333333333334,"{""xgb__colsample_bytree"": 0.4942810652307042, ""xgb__gamma"": 0.5316856671662064, ""xgb__learning_rate"": 0.05807164223259823, ""xgb__max_depth"": 8, ""xgb__max_leaves"": 54, ""xgb__min_child_weight"": 1.2755316322527266, ""xgb__n_estimators"": 194, ""xgb__reg_alpha"": 5.418970411283368e-07, ""xgb__reg_lambda"": 0.0018220966680058633, ""xgb__subsample"": 0.7451224849234703}"
99991,XGBoost,random15,15,1,0.8741928985509609,0.8561991273179228,0.075735976308501,0.8409986336175579,0.8708740031861836,0.6923076923076923,0.9421296296296297,0.875,"{""xgb__colsample_bytree"": 0.44041062010548143, ""xgb__gamma"": 0.35359454728247147, ""xgb__learning_rate"": 0.02066013864794084, ""xgb__max_depth"": 5, ""xgb__max_leaves"": 69, ""xgb__min_child_weight"": 1.241973263437325, ""xgb__n_estimators"": 300, ""xgb__reg_alpha"": 1.588423317547807e-05, ""xgb__reg_lambda"": 1.4690713864330727, ""xgb__subsample"": 0.6160516182326661}"
99991,LogisticRegression,random5,5,1,0.8322702254033787,0.8304836643457534,0.0725363872520465,0.8165930608539435,0.8447321660221537,0.6923076923076923,0.9386574074074072,0.875,"{""LGR__C"": 44.61367903310332, ""LGR__penalty"": ""l2"", ""LGR__solver"": ""lbfgs""}"
99991,LogisticRegression,bayes15,15,6,0.8444340744237089,0.8376719553893652,0.0735419141985634,0.823055013236864,0.8518643508337763,0.7142857142857143,0.9432870370370372,0.8854166666666666,"{""LGR__C"": 9.299702122256297, ""LGR__penalty"": ""l2"", ""LGR__solver"": ""lbfgs""}"
99991,LogisticRegression,random15,15,1,0.8322702254033787,0.8304836643457534,0.0725363872520465,0.8165930608539435,0.8447321660221537,0.6923076923076923,0.9386574074074072,0.875,"{""LGR__C"": 44.61367903310332, ""LGR__penalty"": ""l2"", ""LGR__solver"": ""lbfgs""}"
