Feature,gain,total_gain,cover,total_cover
B:110_GLN__hbond,15.440572738647461,61.762290954589844,29.36832618713379,117.47330474853516
bpKa (código ordinal),9.197879791259766,331.1236877441406,15.537839889526367,559.3622436523438
A:135_LEU__hydrophobic,6.473613739013672,58.26252365112305,15.05885124206543,135.5296630859375
A:109_TYR__hbond,6.064636707305908,12.129273414611816,4.094305992126465,8.18861198425293
MW,5.491480350494385,219.65921020507812,14.801408767700195,592.0563354492188
corrScore,5.460400581359863,278.4804382324219,14.455107688903809,737.2105102539062
LBSAD %,4.985813140869141,84.75881958007812,8.25672721862793,140.36436462402344
A:115_ARG__hbond,4.3204874992370605,30.2434139251709,8.835490226745605,61.84843444824219
B:78_PRO__hydrophobic,4.293452739715576,12.88035774230957,20.9234676361084,62.77040481567383
B:235_GLU__hydrophobic,4.2637410163879395,12.79122257232666,14.987815856933594,44.96344757080078
Goldscore.External.Vdw.Weighted,4.213691234588623,193.82980346679688,12.769842147827148,587.4127197265625
A:115_ARG__pication,4.167442321777344,8.334884643554688,10.209146499633789,20.418292999267578
B:114_PHE__hydrophobic,4.130629062652588,12.391887664794922,17.02939224243164,51.08817672729492
B:177_PRO__hydrophobic,4.005561828613281,20.027809143066406,9.13580322265625,45.67901611328125
Goldscore.Internal.Vdw.Weighted,3.9521560668945312,98.80390167236328,11.072498321533203,276.8124694824219
B:136_ASP__hydrophobic,3.8830671310424805,7.766134262084961,12.752123832702637,25.504247665405273
B:110_GLN__hydrophobic,3.8303818702697754,38.30381774902344,14.340838432312012,143.40838623046875
B:106_GLU__hbond,3.5045688152313232,10.51370620727539,9.36220645904541,28.086618423461914
Goldscore.External.HBond.Weighted,3.3886916637420654,84.71729278564453,10.774927139282227,269.3731689453125
Goldscore.Internal.Correction.Weighted,3.344351291656494,100.33053588867188,12.402216911315918,372.0664978027344
