longname,bs_chain,type,restype,resnr,reschain,system,source
LIG,X,hydrogen_bond,GLN,425,A,3QEL,redocked
LIG,X,hydrogen_bond,GLN,425,A,3QEL,redocked
LIG,X,hydrogen_bond,THR,489,A,3QEL,redocked
LIG,X,hydrogen_bond,TYR,490,A,3QEL,redocked
LIG,X,hydrogen_bond,GLU,551,A,3QEL,redocked
LIG,X,pi_stack,PHE,491,A,3QEL,redocked
LIG,X,hydrophobic_interaction,TYR,82,A,3QEL,redocked
LIG,X,hydrophobic_interaction,PHE,86,A,3QEL,redocked
LIG,X,hydrophobic_interaction,LEU,108,A,3QEL,redocked
LIG,X,hydrophobic_interaction,LEU,108,A,3QEL,redocked
LIG,X,hydrophobic_interaction,ALA,422,A,3QEL,redocked
LIG,X,hydrophobic_interaction,ILE,426,A,3QEL,redocked
LIG,X,hydrophobic_interaction,PHE,429,A,3QEL,redocked
NA,A,hydrogen_bond,PHE,137,A,3QEL,crystal
NA,C,water_bridge,LYS,131,C,3QEL,crystal
NAG,A,hydrogen_bond,ASN,297,A,3QEL,crystal
NAG,A,hydrogen_bond,ALA,300,A,3QEL,crystal
NAG,B,hydrogen_bond,ASN,341,B,3QEL,crystal
NAG,C,hydrophobic_interaction,ALA,300,C,3QEL,crystal
NAG,C,hydrophobic_interaction,VAL,355,C,3QEL,crystal
NAG-NAG-BMA-MAN-MAN-FUC,E,hydrogen_bond,ASN,389,A,3QEL,crystal
NAG-NAG-BMA-MAN-MAN-FUC,E,water_bridge,SER,391,A,3QEL,crystal
QEL,B,hydrogen_bond,GLN,110,B,3QEL,crystal
QEL,B,hydrogen_bond,GLU,236,B,3QEL,crystal
QEL,B,pi_stack,PHE,176,B,3QEL,crystal
QEL,B,hydrophobic_interaction,ALA,107,B,3QEL,crystal
QEL,B,hydrophobic_interaction,TYR,109,A,3QEL,crystal
QEL,B,hydrophobic_interaction,ILE,111,B,3QEL,crystal
QEL,B,hydrophobic_interaction,PHE,114,B,3QEL,crystal
QEL,B,hydrophobic_interaction,LEU,135,A,3QEL,crystal
QEL,B,water_bridge,TYR,175,B,3QEL,crystal
QEL,D,hydrogen_bond,GLN,110,D,3QEL,crystal
QEL,D,hydrogen_bond,THR,174,D,3QEL,crystal
QEL,D,hydrogen_bond,GLU,236,D,3QEL,crystal
QEL,D,pi_stack,PHE,176,D,3QEL,crystal
QEL,D,hydrophobic_interaction,PRO,78,D,3QEL,crystal
QEL,D,hydrophobic_interaction,ALA,107,D,3QEL,crystal
QEL,D,hydrophobic_interaction,TYR,109,C,3QEL,crystal
QEL,D,hydrophobic_interaction,TYR,109,C,3QEL,crystal
QEL,D,hydrophobic_interaction,ILE,111,D,3QEL,crystal
QEL,D,hydrophobic_interaction,PHE,113,C,3QEL,crystal
QEL,D,hydrophobic_interaction,PHE,114,D,3QEL,crystal
QEL,D,hydrophobic_interaction,PHE,114,D,3QEL,crystal
QEL,D,hydrophobic_interaction,LEU,135,C,3QEL,crystal
QEL,D,hydrophobic_interaction,LEU,135,C,3QEL,crystal
QEL,D,water_bridge,TYR,175,D,3QEL,crystal
LIG,X,hydrogen_bond,ILE,106,A,3QEM,redocked
LIG,X,hydrogen_bond,LEU,108,A,3QEM,redocked
LIG,X,hydrogen_bond,GLN,428,A,3QEM,redocked
LIG,X,hydrogen_bond,TYR,493,A,3QEM,redocked
LIG,X,hydrogen_bond,GLU,554,A,3QEM,redocked
LIG,X,pi_stack,PHE,432,A,3QEM,redocked
LIG,X,hydrophobic_interaction,TYR,82,A,3QEM,redocked
LIG,X,hydrophobic_interaction,TYR,82,A,3QEM,redocked
LIG,X,hydrophobic_interaction,PHE,86,A,3QEM,redocked
LIG,X,hydrophobic_interaction,LEU,108,A,3QEM,redocked
LIG,X,hydrophobic_interaction,PRO,396,A,3QEM,redocked
LIG,X,hydrophobic_interaction,PRO,396,A,3QEM,redocked
LIG,X,hydrophobic_interaction,ALA,425,A,3QEM,redocked
LIG,X,hydrophobic_interaction,GLN,428,A,3QEM,redocked
LIG,X,hydrophobic_interaction,ILE,429,A,3QEM,redocked
LIG,X,hydrophobic_interaction,PHE,432,A,3QEM,redocked
LIG,X,hydrophobic_interaction,TYR,493,A,3QEM,redocked
LIG,X,hydrophobic_interaction,PRO,495,A,3QEM,redocked
NA,C,hydrogen_bond,HIS,134,C,3QEM,crystal
NAG,A,hydrogen_bond,ASN,297,A,3QEM,crystal
NAG,A,hydrogen_bond,ALA,300,A,3QEM,crystal
NAG,B,hydrogen_bond,ASN,74,B,3QEM,crystal
NAG,B,hydrogen_bond,ASN,341,B,3QEM,crystal
NAG,B,hydrophobic_interaction,ASN,341,B,3QEM,crystal
NAG,C,hydrogen_bond,ASN,297,C,3QEM,crystal
NAG,C,hydrophobic_interaction,VAL,355,C,3QEM,crystal
NAG-NAG-BMA-MAN-MAN,E,hydrogen_bond,ASN,389,A,3QEM,crystal
QEM,B,hydrogen_bond,ILE,133,A,3QEM,crystal
QEM,B,hydrogen_bond,LEU,135,A,3QEM,crystal
QEM,B,hydrogen_bond,THR,174,B,3QEM,crystal
QEM,B,hydrogen_bond,TYR,175,B,3QEM,crystal
QEM,B,pi_stack,PHE,114,B,3QEM,crystal
QEM,B,hydrophobic_interaction,PRO,78,B,3QEM,crystal
QEM,B,hydrophobic_interaction,ALA,107,B,3QEM,crystal
QEM,B,hydrophobic_interaction,TYR,109,A,3QEM,crystal
QEM,B,hydrophobic_interaction,TYR,109,A,3QEM,crystal
QEM,B,hydrophobic_interaction,GLN,110,B,3QEM,crystal
QEM,B,hydrophobic_interaction,ILE,111,B,3QEM,crystal
QEM,B,hydrophobic_interaction,PHE,114,B,3QEM,crystal
QEM,B,hydrophobic_interaction,LEU,135,A,3QEM,crystal
QEM,B,hydrophobic_interaction,PRO,177,B,3QEM,crystal
QEM,D,hydrogen_bond,GLN,110,D,3QEM,crystal
QEM,D,hydrogen_bond,ILE,133,C,3QEM,crystal
QEM,D,hydrogen_bond,LEU,135,C,3QEM,crystal
QEM,D,hydrogen_bond,THR,174,D,3QEM,crystal
QEM,D,hydrogen_bond,TYR,175,D,3QEM,crystal
QEM,D,hydrogen_bond,PHE,176,D,3QEM,crystal
QEM,D,pi_stack,PHE,176,D,3QEM,crystal
QEM,D,hydrophobic_interaction,PRO,78,D,3QEM,crystal
QEM,D,hydrophobic_interaction,PRO,78,D,3QEM,crystal
QEM,D,hydrophobic_interaction,TYR,109,C,3QEM,crystal
QEM,D,hydrophobic_interaction,TYR,109,C,3QEM,crystal
QEM,D,hydrophobic_interaction,TYR,109,C,3QEM,crystal
QEM,D,hydrophobic_interaction,ILE,111,D,3QEM,crystal
QEM,D,hydrophobic_interaction,PHE,113,C,3QEM,crystal
QEM,D,hydrophobic_interaction,PHE,114,D,3QEM,crystal
QEM,D,hydrophobic_interaction,PRO,177,D,3QEM,crystal
LIG,X,pi_stack,TYR,82,A,5EWM,redocked
LIG,X,hydrophobic_interaction,TYR,82,A,5EWM,redocked
LIG,X,hydrophobic_interaction,GLN,430,A,5EWM,redocked
LIG,X,hydrophobic_interaction,GLN,430,A,5EWM,redocked
LIG,X,hydrophobic_interaction,ILE,431,A,5EWM,redocked
LIG,X,hydrophobic_interaction,PRO,497,A,5EWM,redocked
5SM,B,pi_stack,TYR,109,A,5EWM,crystal
5SM,B,hydrophobic_interaction,TYR,109,A,5EWM,crystal
5SM,B,hydrophobic_interaction,GLN,110,B,5EWM,crystal
5SM,B,hydrophobic_interaction,GLN,110,B,5EWM,crystal
5SM,B,hydrophobic_interaction,ILE,111,B,5EWM,crystal
5SM,B,hydrophobic_interaction,PRO,177,B,5EWM,crystal
5SM,D,pi_stack,TYR,109,C,5EWM,crystal
5SM,D,hydrophobic_interaction,TYR,109,C,5EWM,crystal
5SM,D,hydrophobic_interaction,GLN,110,D,5EWM,crystal
5SM,D,hydrophobic_interaction,ILE,111,D,5EWM,crystal
5SM,D,hydrophobic_interaction,ILE,133,C,5EWM,crystal
NAG,A,hydrogen_bond,ASN,297,A,5EWM,crystal
NAG,A,hydrogen_bond,ALA,300,A,5EWM,crystal
NAG,B,hydrogen_bond,ASN,74,B,5EWM,crystal
NAG,C,hydrophobic_interaction,VAL,355,C,5EWM,crystal
NAG-NAG-BMA-MAN-MAN,E,hydrogen_bond,ASN,389,A,5EWM,crystal
NAG-NAG-BMA-MAN-MAN,E,water_bridge,SER,391,A,5EWM,crystal
LIG,X,hydrogen_bond,ILE,108,A,6E7R,redocked
LIG,X,hydrogen_bond,GLN,437,A,6E7R,redocked
LIG,X,hydrogen_bond,THR,501,A,6E7R,redocked
LIG,X,hydrogen_bond,TYR,502,A,6E7R,redocked
LIG,X,hydrogen_bond,MET,534,A,6E7R,redocked
LIG,X,hydrogen_bond,GLU,563,A,6E7R,redocked
LIG,X,hydrophobic_interaction,TYR,84,A,6E7R,redocked
LIG,X,hydrophobic_interaction,TYR,84,A,6E7R,redocked
LIG,X,hydrophobic_interaction,TYR,84,A,6E7R,redocked
LIG,X,hydrophobic_interaction,LEU,110,A,6E7R,redocked
LIG,X,hydrophobic_interaction,LEU,110,A,6E7R,redocked
LIG,X,hydrophobic_interaction,GLN,437,A,6E7R,redocked
LIG,X,hydrophobic_interaction,PHE,441,A,6E7R,redocked
HYS,B,hydrogen_bond,GLN,110,B,6E7R,crystal
HYS,B,hydrogen_bond,THR,174,B,6E7R,crystal
HYS,B,hydrogen_bond,TYR,175,B,6E7R,crystal
HYS,B,hydrogen_bond,MET,207,B,6E7R,crystal
HYS,B,hydrophobic_interaction,TYR,109,A,6E7R,crystal
HYS,B,hydrophobic_interaction,TYR,109,A,6E7R,crystal
HYS,B,hydrophobic_interaction,TYR,109,A,6E7R,crystal
HYS,B,hydrophobic_interaction,GLN,110,B,6E7R,crystal
HYS,B,hydrophobic_interaction,PHE,114,B,6E7R,crystal
HYS,B,hydrophobic_interaction,LEU,135,A,6E7R,crystal
HYS,B,hydrophobic_interaction,PHE,176,B,6E7R,crystal
HYS,B,water_bridge,TYR,109,A,6E7R,crystal
HYS,B,water_bridge,ARG,115,A,6E7R,crystal
HYS,D,hydrogen_bond,ILE,133,C,6E7R,crystal
HYS,D,hydrogen_bond,THR,174,D,6E7R,crystal
HYS,D,hydrogen_bond,TYR,175,D,6E7R,crystal
HYS,D,hydrogen_bond,MET,207,D,6E7R,crystal
HYS,D,hydrogen_bond,GLU,236,D,6E7R,crystal
HYS,D,hydrophobic_interaction,TYR,109,C,6E7R,crystal
HYS,D,hydrophobic_interaction,TYR,109,C,6E7R,crystal
HYS,D,hydrophobic_interaction,GLN,110,D,6E7R,crystal
HYS,D,hydrophobic_interaction,PHE,114,D,6E7R,crystal
HYS,D,hydrophobic_interaction,LEU,135,C,6E7R,crystal
HYS,D,hydrophobic_interaction,PHE,176,D,6E7R,crystal
HYS,D,water_bridge,GLN,110,D,6E7R,crystal
HYS,D,water_bridge,ARG,115,C,6E7R,crystal
HYS,D,water_bridge,LEU,135,C,6E7R,crystal
NAG,A,hydrogen_bond,ASN,297,A,6E7R,crystal
NAG,A,hydrogen_bond,ALA,300,A,6E7R,crystal
NAG,A,hydrogen_bond,ASN,321,A,6E7R,crystal
NAG,A,hydrogen_bond,ASN,321,A,6E7R,crystal
NAG,B,hydrogen_bond,ASN,74,B,6E7R,crystal
NAG,C,hydrogen_bond,ASN,297,C,6E7R,crystal
NAG,C,hydrogen_bond,ALA,300,C,6E7R,crystal
NAG,C,water_bridge,ASN,294,C,6E7R,crystal
NAG-NAG-BMA-MAN-MAN,E,hydrogen_bond,ASN,389,A,6E7R,crystal
NAG-NAG,F,hydrogen_bond,SER,391,C,6E7R,crystal
LIG,X,hydrogen_bond,THR,498,A,6E7U,redocked
LIG,X,hydrogen_bond,TYR,499,A,6E7U,redocked
LIG,X,hydrogen_bond,MET,531,A,6E7U,redocked
LIG,X,hydrogen_bond,GLU,560,A,6E7U,redocked
LIG,X,hydrophobic_interaction,TYR,83,A,6E7U,redocked
LIG,X,hydrophobic_interaction,TYR,83,A,6E7U,redocked
LIG,X,hydrophobic_interaction,TYR,83,A,6E7U,redocked
LIG,X,hydrophobic_interaction,ILE,107,A,6E7U,redocked
LIG,X,hydrophobic_interaction,LEU,109,A,6E7U,redocked
LIG,X,hydrophobic_interaction,PHE,438,A,6E7U,redocked
LIG,X,hydrophobic_interaction,ASP,460,A,6E7U,redocked
LIG,X,hydrophobic_interaction,PHE,500,A,6E7U,redocked
HX7,B,hydrogen_bond,THR,174,B,6E7U,crystal
HX7,B,hydrogen_bond,TYR,175,B,6E7U,crystal
HX7,B,hydrogen_bond,MET,207,B,6E7U,crystal
HX7,B,hydrogen_bond,SER,208,B,6E7U,crystal
HX7,B,pi_stack,PHE,176,B,6E7U,crystal
HX7,B,hydrophobic_interaction,TYR,109,A,6E7U,crystal
HX7,B,hydrophobic_interaction,TYR,109,A,6E7U,crystal
HX7,B,hydrophobic_interaction,GLN,110,B,6E7U,crystal
HX7,B,hydrophobic_interaction,PHE,114,B,6E7U,crystal
HX7,B,hydrophobic_interaction,ILE,133,A,6E7U,crystal
HX7,B,water_bridge,ARG,115,A,6E7U,crystal
HX7,B,water_bridge,ARG,115,A,6E7U,crystal
HX7,D,hydrogen_bond,THR,174,D,6E7U,crystal
HX7,D,hydrogen_bond,TYR,175,D,6E7U,crystal
HX7,D,hydrogen_bond,MET,207,D,6E7U,crystal
HX7,D,hydrogen_bond,SER,208,D,6E7U,crystal
HX7,D,hydrogen_bond,GLU,236,D,6E7U,crystal
HX7,D,pi_stack,PHE,176,D,6E7U,crystal
HX7,D,hydrophobic_interaction,TYR,109,C,6E7U,crystal
HX7,D,hydrophobic_interaction,TYR,109,C,6E7U,crystal
HX7,D,hydrophobic_interaction,TYR,109,C,6E7U,crystal
HX7,D,hydrophobic_interaction,GLN,110,D,6E7U,crystal
HX7,D,hydrophobic_interaction,PHE,114,D,6E7U,crystal
HX7,D,hydrophobic_interaction,LEU,135,C,6E7U,crystal
HX7,D,hydrophobic_interaction,ASP,136,D,6E7U,crystal
HX7,D,water_bridge,ARG,115,C,6E7U,crystal
NA,A,water_bridge,LYS,131,A,6E7U,crystal
NA,A,water_bridge,PHE,137,A,6E7U,crystal
NA,A,water_bridge,ASP,364,A,6E7U,crystal
NA,C,water_bridge,PHE,137,C,6E7U,crystal
NAG,A,hydrogen_bond,ASN,297,A,6E7U,crystal
NAG,A,hydrogen_bond,ALA,300,A,6E7U,crystal
NAG,B,hydrogen_bond,ASN,74,B,6E7U,crystal
NAG,C,hydrogen_bond,SER,391,C,6E7U,crystal
NAG,C,hydrogen_bond,ALA,300,C,6E7U,crystal
NAG,C,water_bridge,ASN,294,C,6E7U,crystal
NAG,C,water_bridge,ASN,294,C,6E7U,crystal
