System,RMSD_A
Ifenprodil (3QEL),0.301
Ifenprodil (3QEL),0.3026
Ifenprodil (3QEL),0.3028
Ifenprodil (3QEL),0.303
Ifenprodil (3QEL),0.3038
Ifenprodil (3QEL),0.305
Ifenprodil (3QEL),0.309
Ifenprodil (3QEL),0.3184
Ifenprodil (3QEL),0.3191
Ifenprodil (3QEL),0.3295
Ifenprodil (3QEL),0.331
Ifenprodil (3QEL),0.3312
Ifenprodil (3QEL),0.3319
Ifenprodil (3QEL),0.3332
Ifenprodil (3QEL),0.3338
Ifenprodil (3QEL),0.3356
Ifenprodil (3QEL),0.3363
Ifenprodil (3QEL),0.3364
Ifenprodil (3QEL),0.3367
Ifenprodil (3QEL),0.3397
Ifenprodil (3QEL),0.3413
Ifenprodil (3QEL),0.3422
Ifenprodil (3QEL),0.3425
Ifenprodil (3QEL),0.3438
Ifenprodil (3QEL),0.3461
Ifenprodil (3QEL),0.3468
Ifenprodil (3QEL),0.3489
Ifenprodil (3QEL),0.3497
Ifenprodil (3QEL),0.3502
Ifenprodil (3QEL),0.3545
Ifenprodil (3QEL),0.3553
Ifenprodil (3QEL),0.3566
Ifenprodil (3QEL),0.3567
Ifenprodil (3QEL),0.3594
Ifenprodil (3QEL),0.3604
Ifenprodil (3QEL),0.3607
Ifenprodil (3QEL),0.3608
Ifenprodil (3QEL),0.3611
Ifenprodil (3QEL),0.3617
Ifenprodil (3QEL),0.3618
Ifenprodil (3QEL),0.3627
Ifenprodil (3QEL),0.3627
Ifenprodil (3QEL),0.3644
Ifenprodil (3QEL),0.3649
Ifenprodil (3QEL),0.3653
Ifenprodil (3QEL),0.3658
Ifenprodil (3QEL),0.3658
Ifenprodil (3QEL),0.3667
Ifenprodil (3QEL),0.3671
Ifenprodil (3QEL),0.3682
Ifenprodil (3QEL),0.3684
Ifenprodil (3QEL),0.3696
Ifenprodil (3QEL),0.3697
Ifenprodil (3QEL),0.3701
Ifenprodil (3QEL),0.3715
Ifenprodil (3QEL),0.3722
Ifenprodil (3QEL),0.3726
Ifenprodil (3QEL),0.3735
Ifenprodil (3QEL),0.3743
Ifenprodil (3QEL),0.3745
Ifenprodil (3QEL),0.3751
Ifenprodil (3QEL),0.3755
Ifenprodil (3QEL),0.3762
Ifenprodil (3QEL),0.3767
Ifenprodil (3QEL),0.3773
Ifenprodil (3QEL),0.3775
Ifenprodil (3QEL),0.3795
Ifenprodil (3QEL),0.3799
Ifenprodil (3QEL),0.3802
Ifenprodil (3QEL),0.3808
Ifenprodil (3QEL),0.3811
Ifenprodil (3QEL),0.3834
Ifenprodil (3QEL),0.384
Ifenprodil (3QEL),0.3842
Ifenprodil (3QEL),0.3842
Ifenprodil (3QEL),0.3843
Ifenprodil (3QEL),0.3847
Ifenprodil (3QEL),0.3856
Ifenprodil (3QEL),0.3864
Ifenprodil (3QEL),0.3868
Ifenprodil (3QEL),0.3873
Ifenprodil (3QEL),0.3877
Ifenprodil (3QEL),0.3884
Ifenprodil (3QEL),0.3886
Ifenprodil (3QEL),0.3899
Ifenprodil (3QEL),0.3901
Ifenprodil (3QEL),0.3908
Ifenprodil (3QEL),0.391
Ifenprodil (3QEL),0.3922
Ifenprodil (3QEL),0.3923
Ifenprodil (3QEL),0.3925
Ifenprodil (3QEL),0.3929
Ifenprodil (3QEL),0.3938
Ifenprodil (3QEL),0.3946
Ifenprodil (3QEL),0.3946
Ifenprodil (3QEL),0.3947
Ifenprodil (3QEL),0.3957
Ifenprodil (3QEL),0.3959
Ifenprodil (3QEL),0.396
Ifenprodil (3QEL),0.398
Ifenprodil (3QEL),0.3987
Ifenprodil (3QEL),0.3987
Ifenprodil (3QEL),0.3998
Ifenprodil (3QEL),0.4
Ifenprodil (3QEL),0.4001
Ifenprodil (3QEL),0.4005
Ifenprodil (3QEL),0.4008
Ifenprodil (3QEL),0.4012
Ifenprodil (3QEL),0.4014
Ifenprodil (3QEL),0.4014
Ifenprodil (3QEL),0.4017
Ifenprodil (3QEL),0.4031
Ifenprodil (3QEL),0.4032
Ifenprodil (3QEL),0.4037
Ifenprodil (3QEL),0.4042
Ifenprodil (3QEL),0.4047
Ifenprodil (3QEL),0.4047
Ifenprodil (3QEL),0.4054
Ifenprodil (3QEL),0.4057
Ifenprodil (3QEL),0.4061
Ifenprodil (3QEL),0.4066
Ifenprodil (3QEL),0.4066
Ifenprodil (3QEL),0.4075
Ifenprodil (3QEL),0.4079
Ifenprodil (3QEL),0.408
Ifenprodil (3QEL),0.4089
Ifenprodil (3QEL),0.409
Ifenprodil (3QEL),0.4102
Ifenprodil (3QEL),0.4114
Ifenprodil (3QEL),0.4125
Ifenprodil (3QEL),0.4128
Ifenprodil (3QEL),0.413
Ifenprodil (3QEL),0.4133
Ifenprodil (3QEL),0.4138
Ifenprodil (3QEL),0.4142
Ifenprodil (3QEL),0.4143
Ifenprodil (3QEL),0.4145
Ifenprodil (3QEL),0.4146
Ifenprodil (3QEL),0.4146
Ifenprodil (3QEL),0.4151
Ifenprodil (3QEL),0.4153
Ifenprodil (3QEL),0.4154
Ifenprodil (3QEL),0.4165
Ifenprodil (3QEL),0.4184
Ifenprodil (3QEL),0.4192
Ifenprodil (3QEL),0.4192
Ifenprodil (3QEL),0.4194
Ifenprodil (3QEL),0.4204
Ifenprodil (3QEL),0.4216
Ifenprodil (3QEL),0.4216
Ifenprodil (3QEL),0.4217
Ifenprodil (3QEL),0.4226
Ifenprodil (3QEL),0.423
Ifenprodil (3QEL),0.4238
Ifenprodil (3QEL),0.4244
Ifenprodil (3QEL),0.4246
Ifenprodil (3QEL),0.425
Ifenprodil (3QEL),0.4269
Ifenprodil (3QEL),0.4277
Ifenprodil (3QEL),0.429
Ifenprodil (3QEL),0.4301
Ifenprodil (3QEL),0.4301
Ifenprodil (3QEL),0.4307
Ifenprodil (3QEL),0.4309
Ifenprodil (3QEL),0.432
Ifenprodil (3QEL),0.4321
Ifenprodil (3QEL),0.4365
Ifenprodil (3QEL),0.437
Ifenprodil (3QEL),0.4384
Ifenprodil (3QEL),0.4385
Ifenprodil (3QEL),0.439
Ifenprodil (3QEL),0.4393
Ifenprodil (3QEL),0.4406
Ifenprodil (3QEL),0.441
Ifenprodil (3QEL),0.441
Ifenprodil (3QEL),0.4413
Ifenprodil (3QEL),0.4415
Ifenprodil (3QEL),0.4415
Ifenprodil (3QEL),0.442
Ifenprodil (3QEL),0.4423
Ifenprodil (3QEL),0.4427
Ifenprodil (3QEL),0.4427
Ifenprodil (3QEL),0.4433
Ifenprodil (3QEL),0.4434
Ifenprodil (3QEL),0.4436
Ifenprodil (3QEL),0.4439
Ifenprodil (3QEL),0.444
Ifenprodil (3QEL),0.4442
Ifenprodil (3QEL),0.4447
Ifenprodil (3QEL),0.4455
Ifenprodil (3QEL),0.4459
Ifenprodil (3QEL),0.4461
Ifenprodil (3QEL),0.4463
Ifenprodil (3QEL),0.4477
Ifenprodil (3QEL),0.4482
Ifenprodil (3QEL),0.4487
Ifenprodil (3QEL),0.4492
Ifenprodil (3QEL),0.4503
Ifenprodil (3QEL),0.4505
Ifenprodil (3QEL),0.4516
Ifenprodil (3QEL),0.4519
Ifenprodil (3QEL),0.4523
Ifenprodil (3QEL),0.4531
Ifenprodil (3QEL),0.4531
Ifenprodil (3QEL),0.4539
Ifenprodil (3QEL),0.4545
Ifenprodil (3QEL),0.4548
Ifenprodil (3QEL),0.4557
Ifenprodil (3QEL),0.4559
Ifenprodil (3QEL),0.4562
Ifenprodil (3QEL),0.4564
Ifenprodil (3QEL),0.457
Ifenprodil (3QEL),0.4572
Ifenprodil (3QEL),0.4576
Ifenprodil (3QEL),0.4583
Ifenprodil (3QEL),0.4583
Ifenprodil (3QEL),0.4586
Ifenprodil (3QEL),0.4589
Ifenprodil (3QEL),0.4592
Ifenprodil (3QEL),0.4595
Ifenprodil (3QEL),0.4597
Ifenprodil (3QEL),0.4602
Ifenprodil (3QEL),0.4619
Ifenprodil (3QEL),0.4627
Ifenprodil (3QEL),0.4628
Ifenprodil (3QEL),0.4628
Ifenprodil (3QEL),0.463
Ifenprodil (3QEL),0.4631
Ifenprodil (3QEL),0.4638
Ifenprodil (3QEL),0.4651
Ifenprodil (3QEL),0.4656
Ifenprodil (3QEL),0.4672
Ifenprodil (3QEL),0.4673
Ifenprodil (3QEL),0.4677
Ifenprodil (3QEL),0.4694
Ifenprodil (3QEL),0.4695
Ifenprodil (3QEL),0.4695
Ifenprodil (3QEL),0.4696
Ifenprodil (3QEL),0.4697
Ifenprodil (3QEL),0.47
Ifenprodil (3QEL),0.4701
Ifenprodil (3QEL),0.4702
Ifenprodil (3QEL),0.473
Ifenprodil (3QEL),0.4736
Ifenprodil (3QEL),0.4737
Ifenprodil (3QEL),0.4739
Ifenprodil (3QEL),0.4761
Ifenprodil (3QEL),0.4763
Ifenprodil (3QEL),0.477
Ifenprodil (3QEL),0.4777
Ifenprodil (3QEL),0.4779
Ifenprodil (3QEL),0.4789
Ifenprodil (3QEL),0.4793
Ifenprodil (3QEL),0.4806
Ifenprodil (3QEL),0.4835
Ifenprodil (3QEL),0.4837
Ifenprodil (3QEL),0.4841
Ifenprodil (3QEL),0.4848
Ifenprodil (3QEL),0.4864
Ifenprodil (3QEL),0.487
Ifenprodil (3QEL),0.4881
Ifenprodil (3QEL),0.4886
Ifenprodil (3QEL),0.4888
Ifenprodil (3QEL),0.4889
Ifenprodil (3QEL),0.4897
Ifenprodil (3QEL),0.4897
Ifenprodil (3QEL),0.4897
Ifenprodil (3QEL),0.4906
Ifenprodil (3QEL),0.4908
Ifenprodil (3QEL),0.4925
Ifenprodil (3QEL),0.4935
Ifenprodil (3QEL),0.4941
Ifenprodil (3QEL),0.496
Ifenprodil (3QEL),0.4973
Ifenprodil (3QEL),0.4978
Ifenprodil (3QEL),0.4997
Ifenprodil (3QEL),0.4999
Ifenprodil (3QEL),0.4999
Ifenprodil (3QEL),0.5005
Ifenprodil (3QEL),0.501
Ifenprodil (3QEL),0.501
Ifenprodil (3QEL),0.5033
Ifenprodil (3QEL),0.5037
Ifenprodil (3QEL),0.5044
Ifenprodil (3QEL),0.5058
Ifenprodil (3QEL),0.5063
Ifenprodil (3QEL),0.5118
Ifenprodil (3QEL),0.5121
Ifenprodil (3QEL),0.5134
Ifenprodil (3QEL),0.5139
Ifenprodil (3QEL),0.5151
Ifenprodil (3QEL),0.5156
Ifenprodil (3QEL),0.5157
Ifenprodil (3QEL),0.5166
Ifenprodil (3QEL),0.5175
Ifenprodil (3QEL),0.518
Ifenprodil (3QEL),0.5187
Ifenprodil (3QEL),0.519
Ifenprodil (3QEL),0.5204
Ifenprodil (3QEL),0.5209
Ifenprodil (3QEL),0.5211
Ifenprodil (3QEL),0.522
Ifenprodil (3QEL),0.5222
Ifenprodil (3QEL),0.5251
Ifenprodil (3QEL),0.5252
Ifenprodil (3QEL),0.5261
Ifenprodil (3QEL),0.5293
Ifenprodil (3QEL),0.5293
Ifenprodil (3QEL),0.5313
Ifenprodil (3QEL),0.5325
Ifenprodil (3QEL),0.5331
Ifenprodil (3QEL),0.5361
Ifenprodil (3QEL),0.5374
Ifenprodil (3QEL),0.5385
Ifenprodil (3QEL),0.5385
Ifenprodil (3QEL),0.5388
Ifenprodil (3QEL),0.5403
Ifenprodil (3QEL),0.5424
Ifenprodil (3QEL),0.5444
Ifenprodil (3QEL),0.5451
Ifenprodil (3QEL),0.5457
Ifenprodil (3QEL),0.5463
Ifenprodil (3QEL),0.5473
Ifenprodil (3QEL),0.5475
Ifenprodil (3QEL),0.5486
Ifenprodil (3QEL),0.5502
Ifenprodil (3QEL),0.5505
Ifenprodil (3QEL),0.5512
Ifenprodil (3QEL),0.5516
Ifenprodil (3QEL),0.5521
Ifenprodil (3QEL),0.5525
Ifenprodil (3QEL),0.5533
Ifenprodil (3QEL),0.5536
Ifenprodil (3QEL),0.5545
Ifenprodil (3QEL),0.5555
Ifenprodil (3QEL),0.5558
Ifenprodil (3QEL),0.5571
Ifenprodil (3QEL),0.5574
Ifenprodil (3QEL),0.5577
Ifenprodil (3QEL),0.5585
Ifenprodil (3QEL),0.5586
Ifenprodil (3QEL),0.5587
Ifenprodil (3QEL),0.5589
Ifenprodil (3QEL),0.5595
Ifenprodil (3QEL),0.5602
Ifenprodil (3QEL),0.5611
Ifenprodil (3QEL),0.5612
Ifenprodil (3QEL),0.5614
Ifenprodil (3QEL),0.562
Ifenprodil (3QEL),0.5622
Ifenprodil (3QEL),0.5625
Ifenprodil (3QEL),0.5638
Ifenprodil (3QEL),0.5638
Ifenprodil (3QEL),0.564
Ifenprodil (3QEL),0.5647
Ifenprodil (3QEL),0.5675
Ifenprodil (3QEL),0.5679
Ifenprodil (3QEL),0.568
Ifenprodil (3QEL),0.5698
Ifenprodil (3QEL),0.5703
Ifenprodil (3QEL),0.5727
Ifenprodil (3QEL),0.5734
Ifenprodil (3QEL),0.5739
Ifenprodil (3QEL),0.5741
Ifenprodil (3QEL),0.5753
Ifenprodil (3QEL),0.5754
Ifenprodil (3QEL),0.5756
Ifenprodil (3QEL),0.5768
Ifenprodil (3QEL),0.5768
Ifenprodil (3QEL),0.5771
Ifenprodil (3QEL),0.5773
Ifenprodil (3QEL),0.5779
Ifenprodil (3QEL),0.5788
Ifenprodil (3QEL),0.5802
Ifenprodil (3QEL),0.5825
Ifenprodil (3QEL),0.5827
Ifenprodil (3QEL),0.5848
Ifenprodil (3QEL),0.5856
Ifenprodil (3QEL),0.5877
Ifenprodil (3QEL),0.5878
Ifenprodil (3QEL),0.5878
Ifenprodil (3QEL),0.5885
Ifenprodil (3QEL),0.5894
Ifenprodil (3QEL),0.5897
Ifenprodil (3QEL),0.5906
Ifenprodil (3QEL),0.591
Ifenprodil (3QEL),0.5944
Ifenprodil (3QEL),0.5954
Ifenprodil (3QEL),0.5966
Ifenprodil (3QEL),0.5967
Ifenprodil (3QEL),0.5977
Ifenprodil (3QEL),0.5999
Ifenprodil (3QEL),0.6
Ifenprodil (3QEL),0.6009
Ifenprodil (3QEL),0.6018
Ifenprodil (3QEL),0.6023
Ifenprodil (3QEL),0.6034
Ifenprodil (3QEL),0.6038
Ifenprodil (3QEL),0.6049
Ifenprodil (3QEL),0.6049
Ifenprodil (3QEL),0.6057
Ifenprodil (3QEL),0.6059
Ifenprodil (3QEL),0.6061
Ifenprodil (3QEL),0.6071
Ifenprodil (3QEL),0.6077
Ifenprodil (3QEL),0.6082
Ifenprodil (3QEL),0.6082
Ifenprodil (3QEL),0.6083
Ifenprodil (3QEL),0.61
Ifenprodil (3QEL),0.6117
Ifenprodil (3QEL),0.6141
Ifenprodil (3QEL),0.6142
Ifenprodil (3QEL),0.6145
Ifenprodil (3QEL),0.6149
Ifenprodil (3QEL),0.6164
Ifenprodil (3QEL),0.6173
Ifenprodil (3QEL),0.6196
Ifenprodil (3QEL),0.62
Ifenprodil (3QEL),0.6203
Ifenprodil (3QEL),0.624
Ifenprodil (3QEL),0.6257
Ifenprodil (3QEL),0.6258
Ifenprodil (3QEL),0.6261
Ifenprodil (3QEL),0.6282
Ifenprodil (3QEL),0.6284
Ifenprodil (3QEL),0.6298
Ifenprodil (3QEL),0.6306
Ifenprodil (3QEL),0.6311
Ifenprodil (3QEL),0.6313
Ifenprodil (3QEL),0.6318
Ifenprodil (3QEL),0.6352
Ifenprodil (3QEL),0.6352
Ifenprodil (3QEL),0.6356
Ifenprodil (3QEL),0.6364
Ifenprodil (3QEL),0.6367
Ifenprodil (3QEL),0.6387
Ifenprodil (3QEL),0.6397
Ifenprodil (3QEL),0.6401
Ifenprodil (3QEL),0.6402
Ifenprodil (3QEL),0.6403
Ifenprodil (3QEL),0.6403
Ifenprodil (3QEL),0.6419
Ifenprodil (3QEL),0.643
Ifenprodil (3QEL),0.6431
Ifenprodil (3QEL),0.6447
Ifenprodil (3QEL),0.645
Ifenprodil (3QEL),0.6451
Ifenprodil (3QEL),0.6453
Ifenprodil (3QEL),0.6457
Ifenprodil (3QEL),0.646
Ifenprodil (3QEL),0.647
Ifenprodil (3QEL),0.6473
Ifenprodil (3QEL),0.6506
Ifenprodil (3QEL),0.6511
Ifenprodil (3QEL),0.6511
Ifenprodil (3QEL),0.6515
Ifenprodil (3QEL),0.6553
Ifenprodil (3QEL),0.6554
Ifenprodil (3QEL),0.6558
Ifenprodil (3QEL),0.6561
Ifenprodil (3QEL),0.6577
Ifenprodil (3QEL),0.6613
Ifenprodil (3QEL),0.6626
Ifenprodil (3QEL),0.6639
Ifenprodil (3QEL),0.6648
Ifenprodil (3QEL),0.6667
Ifenprodil (3QEL),0.6682
Ifenprodil (3QEL),0.6685
Ifenprodil (3QEL),0.6689
Ifenprodil (3QEL),0.6714
Ifenprodil (3QEL),0.6716
Ifenprodil (3QEL),0.6732
Ifenprodil (3QEL),0.6734
Ifenprodil (3QEL),0.6794
Ifenprodil (3QEL),0.6797
Ifenprodil (3QEL),0.6807
Ifenprodil (3QEL),0.6821
Ifenprodil (3QEL),0.6826
Ifenprodil (3QEL),0.6831
Ifenprodil (3QEL),0.6832
Ifenprodil (3QEL),0.6856
Ifenprodil (3QEL),0.6885
Ifenprodil (3QEL),0.6893
Ifenprodil (3QEL),0.6901
Ifenprodil (3QEL),0.6923
Ifenprodil (3QEL),0.6935
Ifenprodil (3QEL),0.6938
Ifenprodil (3QEL),0.695
Ifenprodil (3QEL),0.6958
Ifenprodil (3QEL),0.6972
Ifenprodil (3QEL),0.6981
Ifenprodil (3QEL),0.7012
Ifenprodil (3QEL),0.7015
Ifenprodil (3QEL),0.7029
Ifenprodil (3QEL),0.7039
Ifenprodil (3QEL),0.7076
Ifenprodil (3QEL),0.7083
Ifenprodil (3QEL),0.7119
Ifenprodil (3QEL),0.7123
Ifenprodil (3QEL),0.716
Ifenprodil (3QEL),0.721
Ifenprodil (3QEL),0.7214
Ifenprodil (3QEL),0.7279
Ifenprodil (3QEL),0.7295
Ifenprodil (3QEL),0.7372
Ifenprodil (3QEL),0.7418
Ifenprodil (3QEL),0.7425
Ifenprodil (3QEL),0.746
Ifenprodil (3QEL),0.7489
Ifenprodil (3QEL),0.749
Ifenprodil (3QEL),0.7496
Ifenprodil (3QEL),0.7538
Ifenprodil (3QEL),0.7549
Ifenprodil (3QEL),0.757
Ifenprodil (3QEL),0.7617
Ifenprodil (3QEL),0.7685
Ifenprodil (3QEL),0.7732
Ifenprodil (3QEL),0.7782
Ifenprodil (3QEL),0.781
Ifenprodil (3QEL),0.7835
Ifenprodil (3QEL),0.7873
Ifenprodil (3QEL),0.7896
Ifenprodil (3QEL),0.7899
Ifenprodil (3QEL),0.7923
Ifenprodil (3QEL),0.7982
Ifenprodil (3QEL),0.805
Ifenprodil (3QEL),0.8057
Ifenprodil (3QEL),0.8063
Ifenprodil (3QEL),0.8074
Ifenprodil (3QEL),0.8103
Ifenprodil (3QEL),0.811
Ifenprodil (3QEL),0.8154
Ifenprodil (3QEL),0.8162
Ifenprodil (3QEL),0.819
Ifenprodil (3QEL),0.8249
Ifenprodil (3QEL),0.8306
Ifenprodil (3QEL),0.8326
Ifenprodil (3QEL),0.8367
Ifenprodil (3QEL),0.8381
Ifenprodil (3QEL),0.8389
Ifenprodil (3QEL),0.8429
Ifenprodil (3QEL),0.8434
Ifenprodil (3QEL),0.844
Ifenprodil (3QEL),0.8501
Ifenprodil (3QEL),0.8522
Ifenprodil (3QEL),0.8535
Ifenprodil (3QEL),0.8574
Ifenprodil (3QEL),0.8635
Ifenprodil (3QEL),0.8666
Ifenprodil (3QEL),0.8755
Ifenprodil (3QEL),0.8776
Ifenprodil (3QEL),0.8789
Ifenprodil (3QEL),0.8796
Ifenprodil (3QEL),0.8927
Ifenprodil (3QEL),0.8963
Ifenprodil (3QEL),0.9036
Ifenprodil (3QEL),0.9064
Ifenprodil (3QEL),0.9112
Ifenprodil (3QEL),0.9169
Ifenprodil (3QEL),0.9223
Ifenprodil (3QEL),0.923
Ifenprodil (3QEL),0.9264
Ifenprodil (3QEL),0.9285
Ifenprodil (3QEL),0.9329
Ifenprodil (3QEL),0.9332
Ifenprodil (3QEL),0.9343
Ifenprodil (3QEL),0.9353
Ifenprodil (3QEL),0.9401
Ifenprodil (3QEL),0.9413
Ifenprodil (3QEL),0.9423
Ifenprodil (3QEL),0.9442
Ifenprodil (3QEL),0.9446
Ifenprodil (3QEL),0.9487
Ifenprodil (3QEL),0.9511
Ifenprodil (3QEL),0.9513
Ifenprodil (3QEL),0.9518
Ifenprodil (3QEL),0.96
Ifenprodil (3QEL),0.9628
Ifenprodil (3QEL),0.9684
Ifenprodil (3QEL),0.9707
Ifenprodil (3QEL),0.9745
Ifenprodil (3QEL),0.9915
Ifenprodil (3QEL),0.9917
Ifenprodil (3QEL),0.9949
Ifenprodil (3QEL),0.9951
Ifenprodil (3QEL),0.9954
Ifenprodil (3QEL),0.9962
Ifenprodil (3QEL),1.0001
Ifenprodil (3QEL),1.0027
Ifenprodil (3QEL),1.0028
Ifenprodil (3QEL),1.0037
Ifenprodil (3QEL),1.0091
Ifenprodil (3QEL),1.0123
Ifenprodil (3QEL),1.0123
Ifenprodil (3QEL),1.016
Ifenprodil (3QEL),1.0171
Ifenprodil (3QEL),1.0232
Ifenprodil (3QEL),1.0236
Ifenprodil (3QEL),1.0247
Ifenprodil (3QEL),1.0262
Ifenprodil (3QEL),1.0267
Ifenprodil (3QEL),1.0285
Ifenprodil (3QEL),1.0355
Ifenprodil (3QEL),1.0358
Ifenprodil (3QEL),1.0399
Ifenprodil (3QEL),1.0416
Ifenprodil (3QEL),1.0461
Ifenprodil (3QEL),1.0463
Ifenprodil (3QEL),1.0472
Ifenprodil (3QEL),1.0477
Ifenprodil (3QEL),1.0511
Ifenprodil (3QEL),1.0533
Ifenprodil (3QEL),1.0547
Ifenprodil (3QEL),1.0547
Ifenprodil (3QEL),1.0561
Ifenprodil (3QEL),1.0598
Ifenprodil (3QEL),1.0656
Ifenprodil (3QEL),1.0656
Ifenprodil (3QEL),1.0657
Ifenprodil (3QEL),1.0679
Ifenprodil (3QEL),1.0688
Ifenprodil (3QEL),1.0694
Ifenprodil (3QEL),1.0694
Ifenprodil (3QEL),1.0703
Ifenprodil (3QEL),1.071
Ifenprodil (3QEL),1.0714
Ifenprodil (3QEL),1.0718
Ifenprodil (3QEL),1.0721
Ifenprodil (3QEL),1.0745
Ifenprodil (3QEL),1.0747
Ifenprodil (3QEL),1.0754
Ifenprodil (3QEL),1.0782
Ifenprodil (3QEL),1.0789
Ifenprodil (3QEL),1.0822
Ifenprodil (3QEL),1.0833
Ifenprodil (3QEL),1.0845
Ifenprodil (3QEL),1.0848
Ifenprodil (3QEL),1.0861
Ifenprodil (3QEL),1.0866
Ifenprodil (3QEL),1.0882
Ifenprodil (3QEL),1.0901
Ifenprodil (3QEL),1.0903
Ifenprodil (3QEL),1.0906
Ifenprodil (3QEL),1.0909
Ifenprodil (3QEL),1.0932
Ifenprodil (3QEL),1.0936
Ifenprodil (3QEL),1.0947
Ifenprodil (3QEL),1.1002
Ifenprodil (3QEL),1.1013
Ifenprodil (3QEL),1.1021
Ifenprodil (3QEL),1.1038
Ifenprodil (3QEL),1.1043
Ifenprodil (3QEL),1.1048
Ifenprodil (3QEL),1.1051
Ifenprodil (3QEL),1.1053
Ifenprodil (3QEL),1.1061
Ifenprodil (3QEL),1.1061
Ifenprodil (3QEL),1.1071
Ifenprodil (3QEL),1.1072
Ifenprodil (3QEL),1.1076
Ifenprodil (3QEL),1.109
Ifenprodil (3QEL),1.1097
Ifenprodil (3QEL),1.1102
Ifenprodil (3QEL),1.1118
Ifenprodil (3QEL),1.1128
Ifenprodil (3QEL),1.1148
Ifenprodil (3QEL),1.1157
Ifenprodil (3QEL),1.1166
Ifenprodil (3QEL),1.1175
Ifenprodil (3QEL),1.1196
Ifenprodil (3QEL),1.1213
Ifenprodil (3QEL),1.1214
Ifenprodil (3QEL),1.1218
Ifenprodil (3QEL),1.1228
Ifenprodil (3QEL),1.1237
Ifenprodil (3QEL),1.1253
Ifenprodil (3QEL),1.1262
Ifenprodil (3QEL),1.1265
Ifenprodil (3QEL),1.1272
Ifenprodil (3QEL),1.1278
Ifenprodil (3QEL),1.1281
Ifenprodil (3QEL),1.129
Ifenprodil (3QEL),1.1295
Ifenprodil (3QEL),1.1297
Ifenprodil (3QEL),1.1308
Ifenprodil (3QEL),1.1309
Ifenprodil (3QEL),1.1315
Ifenprodil (3QEL),1.1317
Ifenprodil (3QEL),1.1328
Ifenprodil (3QEL),1.1346
Ifenprodil (3QEL),1.1351
Ifenprodil (3QEL),1.1365
Ifenprodil (3QEL),1.138
Ifenprodil (3QEL),1.1385
Ifenprodil (3QEL),1.1387
Ifenprodil (3QEL),1.1389
Ifenprodil (3QEL),1.1397
Ifenprodil (3QEL),1.1409
Ifenprodil (3QEL),1.1416
Ifenprodil (3QEL),1.142
Ifenprodil (3QEL),1.1426
Ifenprodil (3QEL),1.1434
Ifenprodil (3QEL),1.1437
Ifenprodil (3QEL),1.1445
Ifenprodil (3QEL),1.146
Ifenprodil (3QEL),1.146
Ifenprodil (3QEL),1.1464
Ifenprodil (3QEL),1.1468
Ifenprodil (3QEL),1.1468
Ifenprodil (3QEL),1.1471
Ifenprodil (3QEL),1.1472
Ifenprodil (3QEL),1.1478
Ifenprodil (3QEL),1.1479
Ifenprodil (3QEL),1.1491
Ifenprodil (3QEL),1.151
Ifenprodil (3QEL),1.1513
Ifenprodil (3QEL),1.1522
Ifenprodil (3QEL),1.153
Ifenprodil (3QEL),1.1536
Ifenprodil (3QEL),1.155
Ifenprodil (3QEL),1.1558
Ifenprodil (3QEL),1.1562
Ifenprodil (3QEL),1.1571
Ifenprodil (3QEL),1.1574
Ifenprodil (3QEL),1.1574
Ifenprodil (3QEL),1.1603
Ifenprodil (3QEL),1.1603
Ifenprodil (3QEL),1.1606
Ifenprodil (3QEL),1.1619
Ifenprodil (3QEL),1.1623
Ifenprodil (3QEL),1.1627
Ifenprodil (3QEL),1.1632
Ifenprodil (3QEL),1.1634
Ifenprodil (3QEL),1.1634
Ifenprodil (3QEL),1.1645
Ifenprodil (3QEL),1.1646
Ifenprodil (3QEL),1.1648
Ifenprodil (3QEL),1.1652
Ifenprodil (3QEL),1.1659
Ifenprodil (3QEL),1.1661
Ifenprodil (3QEL),1.1664
Ifenprodil (3QEL),1.1665
Ifenprodil (3QEL),1.1665
Ifenprodil (3QEL),1.1668
Ifenprodil (3QEL),1.1675
Ifenprodil (3QEL),1.1683
Ifenprodil (3QEL),1.169
Ifenprodil (3QEL),1.169
Ifenprodil (3QEL),1.1696
Ifenprodil (3QEL),1.1699
Ifenprodil (3QEL),1.1702
Ifenprodil (3QEL),1.1704
Ifenprodil (3QEL),1.1709
Ifenprodil (3QEL),1.1709
Ifenprodil (3QEL),1.1711
Ifenprodil (3QEL),1.1713
Ifenprodil (3QEL),1.1719
Ifenprodil (3QEL),1.1725
Ifenprodil (3QEL),1.173
Ifenprodil (3QEL),1.1734
Ifenprodil (3QEL),1.1736
Ifenprodil (3QEL),1.1742
Ifenprodil (3QEL),1.1745
Ifenprodil (3QEL),1.1756
Ifenprodil (3QEL),1.1757
Ifenprodil (3QEL),1.1775
Ifenprodil (3QEL),1.1776
Ifenprodil (3QEL),1.1777
Ifenprodil (3QEL),1.1779
Ifenprodil (3QEL),1.178
Ifenprodil (3QEL),1.1781
Ifenprodil (3QEL),1.1785
Ifenprodil (3QEL),1.1791
Ifenprodil (3QEL),1.1794
Ifenprodil (3QEL),1.18
Ifenprodil (3QEL),1.1801
Ifenprodil (3QEL),1.1804
Ifenprodil (3QEL),1.1804
Ifenprodil (3QEL),1.1813
Ifenprodil (3QEL),1.1824
Ifenprodil (3QEL),1.1826
Ifenprodil (3QEL),1.1828
Ifenprodil (3QEL),1.1831
Ifenprodil (3QEL),1.1831
Ifenprodil (3QEL),1.1835
Ifenprodil (3QEL),1.1836
Ifenprodil (3QEL),1.184
Ifenprodil (3QEL),1.1841
Ifenprodil (3QEL),1.1842
Ifenprodil (3QEL),1.1847
Ifenprodil (3QEL),1.1851
Ifenprodil (3QEL),1.1851
Ifenprodil (3QEL),1.1854
Ifenprodil (3QEL),1.1857
Ifenprodil (3QEL),1.187
Ifenprodil (3QEL),1.1875
Ifenprodil (3QEL),1.1876
Ifenprodil (3QEL),1.1877
Ifenprodil (3QEL),1.1878
Ifenprodil (3QEL),1.1886
Ifenprodil (3QEL),1.1892
Ifenprodil (3QEL),1.1915
Ifenprodil (3QEL),1.1917
Ifenprodil (3QEL),1.1919
Ifenprodil (3QEL),1.192
Ifenprodil (3QEL),1.1922
Ifenprodil (3QEL),1.1924
Ifenprodil (3QEL),1.1925
Ifenprodil (3QEL),1.1929
Ifenprodil (3QEL),1.1933
Ifenprodil (3QEL),1.1936
Ifenprodil (3QEL),1.1936
Ifenprodil (3QEL),1.1936
Ifenprodil (3QEL),1.1938
Ifenprodil (3QEL),1.194
Ifenprodil (3QEL),1.1944
Ifenprodil (3QEL),1.1945
Ifenprodil (3QEL),1.1947
Ifenprodil (3QEL),1.1947
Ifenprodil (3QEL),1.1962
Ifenprodil (3QEL),1.1965
Ifenprodil (3QEL),1.1973
Ifenprodil (3QEL),1.1973
Ifenprodil (3QEL),1.1975
Ifenprodil (3QEL),1.1979
Ifenprodil (3QEL),1.1982
Ifenprodil (3QEL),1.1983
Ifenprodil (3QEL),1.1983
Ifenprodil (3QEL),1.1991
Ifenprodil (3QEL),1.1998
Ifenprodil (3QEL),1.2
Ifenprodil (3QEL),1.2002
Ifenprodil (3QEL),1.2007
Ifenprodil (3QEL),1.2011
Ifenprodil (3QEL),1.2012
Ifenprodil (3QEL),1.2013
Ifenprodil (3QEL),1.2016
Ifenprodil (3QEL),1.2017
Ifenprodil (3QEL),1.2018
Ifenprodil (3QEL),1.2021
Ifenprodil (3QEL),1.2025
Ifenprodil (3QEL),1.2029
Ifenprodil (3QEL),1.2031
Ifenprodil (3QEL),1.2036
Ifenprodil (3QEL),1.2038
Ifenprodil (3QEL),1.204
Ifenprodil (3QEL),1.2042
Ifenprodil (3QEL),1.2043
Ifenprodil (3QEL),1.2043
Ifenprodil (3QEL),1.2048
Ifenprodil (3QEL),1.2056
Ifenprodil (3QEL),1.2057
Ifenprodil (3QEL),1.2059
Ifenprodil (3QEL),1.2063
Ifenprodil (3QEL),1.2067
Ifenprodil (3QEL),1.2073
Ifenprodil (3QEL),1.2078
Ifenprodil (3QEL),1.2081
Ifenprodil (3QEL),1.21
Ifenprodil (3QEL),1.2104
Ifenprodil (3QEL),1.2104
Ifenprodil (3QEL),1.2111
Ifenprodil (3QEL),1.2112
Ifenprodil (3QEL),1.2114
Ifenprodil (3QEL),1.2117
Ifenprodil (3QEL),1.2121
Ifenprodil (3QEL),1.2132
Ifenprodil (3QEL),1.2133
Ifenprodil (3QEL),1.2136
Ifenprodil (3QEL),1.214
Ifenprodil (3QEL),1.2143
Ifenprodil (3QEL),1.2145
Ifenprodil (3QEL),1.2146
Ifenprodil (3QEL),1.2151
Ifenprodil (3QEL),1.2155
Ifenprodil (3QEL),1.2157
Ifenprodil (3QEL),1.2162
Ifenprodil (3QEL),1.218
Ifenprodil (3QEL),1.2186
Ifenprodil (3QEL),1.2187
Ifenprodil (3QEL),1.2188
Ifenprodil (3QEL),1.2195
Ifenprodil (3QEL),1.2202
Ifenprodil (3QEL),1.2214
Ifenprodil (3QEL),1.2221
Ifenprodil (3QEL),1.2221
Ifenprodil (3QEL),1.2222
Ifenprodil (3QEL),1.2222
Ifenprodil (3QEL),1.2233
Ifenprodil (3QEL),1.2237
Ifenprodil (3QEL),1.2251
Ifenprodil (3QEL),1.2263
Ifenprodil (3QEL),1.2268
Ifenprodil (3QEL),1.2276
Ifenprodil (3QEL),1.2291
Ifenprodil (3QEL),1.2298
Ifenprodil (3QEL),1.2303
Ifenprodil (3QEL),1.2309
Ifenprodil (3QEL),1.2316
Ifenprodil (3QEL),1.2322
Ifenprodil (3QEL),1.2325
Ifenprodil (3QEL),1.2337
Ifenprodil (3QEL),1.2338
Ifenprodil (3QEL),1.2354
Ifenprodil (3QEL),1.2388
Ifenprodil (3QEL),1.2402
Ifenprodil (3QEL),1.2403
Ifenprodil (3QEL),1.2405
Ifenprodil (3QEL),1.2407
Ifenprodil (3QEL),1.2417
Ifenprodil (3QEL),1.2436
Ifenprodil (3QEL),1.2439
Ifenprodil (3QEL),1.2439
Ifenprodil (3QEL),1.2442
Ifenprodil (3QEL),1.2464
Ifenprodil (3QEL),1.2468
Ifenprodil (3QEL),1.2472
Ifenprodil (3QEL),1.2514
Ifenprodil (3QEL),1.2515
Ifenprodil (3QEL),1.2546
Ifenprodil (3QEL),1.2549
Ifenprodil (3QEL),1.2553
Ifenprodil (3QEL),1.2553
Ifenprodil (3QEL),1.2566
Ifenprodil (3QEL),1.2568
Ifenprodil (3QEL),1.2576
Ifenprodil (3QEL),1.2583
Ifenprodil (3QEL),1.2611
Ifenprodil (3QEL),1.2616
Ifenprodil (3QEL),1.2661
Ifenprodil (3QEL),1.2671
Ifenprodil (3QEL),1.2685
Ifenprodil (3QEL),1.2685
Ifenprodil (3QEL),1.2724
Ifenprodil (3QEL),1.2755
Ifenprodil (3QEL),1.2775
Ifenprodil (3QEL),1.279
Ifenprodil (3QEL),1.2848
Ifenprodil (3QEL),1.2854
Ifenprodil (3QEL),1.2863
Ifenprodil (3QEL),1.2881
Ifenprodil (3QEL),1.2908
Ifenprodil (3QEL),1.291
Ifenprodil (3QEL),1.2913
Ifenprodil (3QEL),1.2929
Ifenprodil (3QEL),1.2963
Ifenprodil (3QEL),1.2976
Ifenprodil (3QEL),1.2992
Ifenprodil (3QEL),1.3052
Ifenprodil (3QEL),1.3074
Ifenprodil (3QEL),1.308
Ifenprodil (3QEL),1.3087
Ifenprodil (3QEL),1.3172
Ifenprodil (3QEL),1.3196
Ifenprodil (3QEL),1.3226
Ifenprodil (3QEL),1.3228
Ifenprodil (3QEL),1.323
Ifenprodil (3QEL),1.3273
Ifenprodil (3QEL),1.3277
Ifenprodil (3QEL),1.3304
Ifenprodil (3QEL),1.3334
Ifenprodil (3QEL),1.3345
Ifenprodil (3QEL),1.3346
Ifenprodil (3QEL),1.3353
Ifenprodil (3QEL),1.3496
Ifenprodil (3QEL),1.3516
Ifenprodil (3QEL),1.3562
Ifenprodil (3QEL),1.5193
Ro25-6981 (3QEM),0.309
Ro25-6981 (3QEM),0.3409
Ro25-6981 (3QEM),0.355
Ro25-6981 (3QEM),0.364
Ro25-6981 (3QEM),0.3688
Ro25-6981 (3QEM),0.373
Ro25-6981 (3QEM),0.3741
Ro25-6981 (3QEM),0.3856
Ro25-6981 (3QEM),0.3862
Ro25-6981 (3QEM),0.3871
Ro25-6981 (3QEM),0.3881
Ro25-6981 (3QEM),0.3927
Ro25-6981 (3QEM),0.3974
Ro25-6981 (3QEM),0.3976
Ro25-6981 (3QEM),0.399
Ro25-6981 (3QEM),0.399
Ro25-6981 (3QEM),0.3991
Ro25-6981 (3QEM),0.4011
Ro25-6981 (3QEM),0.4039
Ro25-6981 (3QEM),0.4039
Ro25-6981 (3QEM),0.4043
Ro25-6981 (3QEM),0.4071
Ro25-6981 (3QEM),0.4076
Ro25-6981 (3QEM),0.4106
Ro25-6981 (3QEM),0.4112
Ro25-6981 (3QEM),0.4113
Ro25-6981 (3QEM),0.4123
Ro25-6981 (3QEM),0.4131
Ro25-6981 (3QEM),0.4147
Ro25-6981 (3QEM),0.4154
Ro25-6981 (3QEM),0.4156
Ro25-6981 (3QEM),0.4164
Ro25-6981 (3QEM),0.418
Ro25-6981 (3QEM),0.418
Ro25-6981 (3QEM),0.418
Ro25-6981 (3QEM),0.4183
Ro25-6981 (3QEM),0.4202
Ro25-6981 (3QEM),0.4221
Ro25-6981 (3QEM),0.4229
Ro25-6981 (3QEM),0.4234
Ro25-6981 (3QEM),0.4237
Ro25-6981 (3QEM),0.4238
Ro25-6981 (3QEM),0.4239
Ro25-6981 (3QEM),0.4254
Ro25-6981 (3QEM),0.4264
Ro25-6981 (3QEM),0.4265
Ro25-6981 (3QEM),0.4265
Ro25-6981 (3QEM),0.4272
Ro25-6981 (3QEM),0.4275
Ro25-6981 (3QEM),0.4284
Ro25-6981 (3QEM),0.4287
Ro25-6981 (3QEM),0.4288
Ro25-6981 (3QEM),0.4305
Ro25-6981 (3QEM),0.4317
Ro25-6981 (3QEM),0.4317
Ro25-6981 (3QEM),0.432
Ro25-6981 (3QEM),0.4322
Ro25-6981 (3QEM),0.4329
Ro25-6981 (3QEM),0.4333
Ro25-6981 (3QEM),0.4338
Ro25-6981 (3QEM),0.4338
Ro25-6981 (3QEM),0.4339
Ro25-6981 (3QEM),0.434
Ro25-6981 (3QEM),0.4341
Ro25-6981 (3QEM),0.4345
Ro25-6981 (3QEM),0.4347
Ro25-6981 (3QEM),0.4358
Ro25-6981 (3QEM),0.4358
Ro25-6981 (3QEM),0.4361
Ro25-6981 (3QEM),0.437
Ro25-6981 (3QEM),0.4379
Ro25-6981 (3QEM),0.438
Ro25-6981 (3QEM),0.438
Ro25-6981 (3QEM),0.4384
Ro25-6981 (3QEM),0.4387
Ro25-6981 (3QEM),0.4388
Ro25-6981 (3QEM),0.4388
Ro25-6981 (3QEM),0.4391
Ro25-6981 (3QEM),0.4395
Ro25-6981 (3QEM),0.4398
Ro25-6981 (3QEM),0.4407
Ro25-6981 (3QEM),0.4413
Ro25-6981 (3QEM),0.4413
Ro25-6981 (3QEM),0.4416
Ro25-6981 (3QEM),0.4421
Ro25-6981 (3QEM),0.4422
Ro25-6981 (3QEM),0.4429
Ro25-6981 (3QEM),0.4432
Ro25-6981 (3QEM),0.4435
Ro25-6981 (3QEM),0.4436
Ro25-6981 (3QEM),0.4437
Ro25-6981 (3QEM),0.4444
Ro25-6981 (3QEM),0.4446
Ro25-6981 (3QEM),0.4448
Ro25-6981 (3QEM),0.445
Ro25-6981 (3QEM),0.4453
Ro25-6981 (3QEM),0.4464
Ro25-6981 (3QEM),0.4468
Ro25-6981 (3QEM),0.4477
Ro25-6981 (3QEM),0.4485
Ro25-6981 (3QEM),0.4488
Ro25-6981 (3QEM),0.449
Ro25-6981 (3QEM),0.449
Ro25-6981 (3QEM),0.4491
Ro25-6981 (3QEM),0.4491
Ro25-6981 (3QEM),0.4504
Ro25-6981 (3QEM),0.4511
Ro25-6981 (3QEM),0.4514
Ro25-6981 (3QEM),0.4516
Ro25-6981 (3QEM),0.4518
Ro25-6981 (3QEM),0.4518
Ro25-6981 (3QEM),0.4519
Ro25-6981 (3QEM),0.452
Ro25-6981 (3QEM),0.4533
Ro25-6981 (3QEM),0.4537
Ro25-6981 (3QEM),0.4538
Ro25-6981 (3QEM),0.4542
Ro25-6981 (3QEM),0.4545
Ro25-6981 (3QEM),0.4546
Ro25-6981 (3QEM),0.4553
Ro25-6981 (3QEM),0.4556
Ro25-6981 (3QEM),0.4557
Ro25-6981 (3QEM),0.4561
Ro25-6981 (3QEM),0.4562
Ro25-6981 (3QEM),0.4567
Ro25-6981 (3QEM),0.4577
Ro25-6981 (3QEM),0.4582
Ro25-6981 (3QEM),0.4585
Ro25-6981 (3QEM),0.4588
Ro25-6981 (3QEM),0.4588
Ro25-6981 (3QEM),0.4591
Ro25-6981 (3QEM),0.4598
Ro25-6981 (3QEM),0.4608
Ro25-6981 (3QEM),0.4617
Ro25-6981 (3QEM),0.463
Ro25-6981 (3QEM),0.463
Ro25-6981 (3QEM),0.4632
Ro25-6981 (3QEM),0.4632
Ro25-6981 (3QEM),0.4633
Ro25-6981 (3QEM),0.4634
Ro25-6981 (3QEM),0.4638
Ro25-6981 (3QEM),0.464
Ro25-6981 (3QEM),0.4647
Ro25-6981 (3QEM),0.4647
Ro25-6981 (3QEM),0.4651
Ro25-6981 (3QEM),0.4652
Ro25-6981 (3QEM),0.4663
Ro25-6981 (3QEM),0.4665
Ro25-6981 (3QEM),0.4667
Ro25-6981 (3QEM),0.4671
Ro25-6981 (3QEM),0.4673
Ro25-6981 (3QEM),0.4678
Ro25-6981 (3QEM),0.4678
Ro25-6981 (3QEM),0.4682
Ro25-6981 (3QEM),0.4682
Ro25-6981 (3QEM),0.4686
Ro25-6981 (3QEM),0.469
Ro25-6981 (3QEM),0.4691
Ro25-6981 (3QEM),0.4691
Ro25-6981 (3QEM),0.4693
Ro25-6981 (3QEM),0.4696
Ro25-6981 (3QEM),0.4698
Ro25-6981 (3QEM),0.4706
Ro25-6981 (3QEM),0.4708
Ro25-6981 (3QEM),0.4709
Ro25-6981 (3QEM),0.4714
Ro25-6981 (3QEM),0.4714
Ro25-6981 (3QEM),0.4715
Ro25-6981 (3QEM),0.4716
Ro25-6981 (3QEM),0.4718
Ro25-6981 (3QEM),0.4719
Ro25-6981 (3QEM),0.4722
Ro25-6981 (3QEM),0.4728
Ro25-6981 (3QEM),0.474
Ro25-6981 (3QEM),0.4742
Ro25-6981 (3QEM),0.4742
Ro25-6981 (3QEM),0.4747
Ro25-6981 (3QEM),0.475
Ro25-6981 (3QEM),0.4751
Ro25-6981 (3QEM),0.4753
Ro25-6981 (3QEM),0.4754
Ro25-6981 (3QEM),0.4756
Ro25-6981 (3QEM),0.4756
Ro25-6981 (3QEM),0.4757
Ro25-6981 (3QEM),0.4757
Ro25-6981 (3QEM),0.4759
Ro25-6981 (3QEM),0.4763
Ro25-6981 (3QEM),0.4765
Ro25-6981 (3QEM),0.4765
Ro25-6981 (3QEM),0.4766
Ro25-6981 (3QEM),0.4768
Ro25-6981 (3QEM),0.4772
Ro25-6981 (3QEM),0.4776
Ro25-6981 (3QEM),0.4784
Ro25-6981 (3QEM),0.4787
Ro25-6981 (3QEM),0.4788
Ro25-6981 (3QEM),0.4791
Ro25-6981 (3QEM),0.4793
Ro25-6981 (3QEM),0.4795
Ro25-6981 (3QEM),0.4795
Ro25-6981 (3QEM),0.4797
Ro25-6981 (3QEM),0.4797
Ro25-6981 (3QEM),0.4797
Ro25-6981 (3QEM),0.4799
Ro25-6981 (3QEM),0.4799
Ro25-6981 (3QEM),0.4799
Ro25-6981 (3QEM),0.48
Ro25-6981 (3QEM),0.4806
Ro25-6981 (3QEM),0.4806
Ro25-6981 (3QEM),0.4806
Ro25-6981 (3QEM),0.481
Ro25-6981 (3QEM),0.4811
Ro25-6981 (3QEM),0.4813
Ro25-6981 (3QEM),0.482
Ro25-6981 (3QEM),0.4822
Ro25-6981 (3QEM),0.4823
Ro25-6981 (3QEM),0.4824
Ro25-6981 (3QEM),0.4828
Ro25-6981 (3QEM),0.4829
Ro25-6981 (3QEM),0.4829
Ro25-6981 (3QEM),0.4831
Ro25-6981 (3QEM),0.4831
Ro25-6981 (3QEM),0.4832
Ro25-6981 (3QEM),0.4836
Ro25-6981 (3QEM),0.4836
Ro25-6981 (3QEM),0.4837
Ro25-6981 (3QEM),0.4838
Ro25-6981 (3QEM),0.4841
Ro25-6981 (3QEM),0.4842
Ro25-6981 (3QEM),0.4842
Ro25-6981 (3QEM),0.4842
Ro25-6981 (3QEM),0.4842
Ro25-6981 (3QEM),0.4849
Ro25-6981 (3QEM),0.4852
Ro25-6981 (3QEM),0.4854
Ro25-6981 (3QEM),0.4854
Ro25-6981 (3QEM),0.4857
Ro25-6981 (3QEM),0.4857
Ro25-6981 (3QEM),0.4865
Ro25-6981 (3QEM),0.4868
Ro25-6981 (3QEM),0.4869
Ro25-6981 (3QEM),0.4869
Ro25-6981 (3QEM),0.4873
Ro25-6981 (3QEM),0.4876
Ro25-6981 (3QEM),0.4876
Ro25-6981 (3QEM),0.4877
Ro25-6981 (3QEM),0.4878
Ro25-6981 (3QEM),0.4878
Ro25-6981 (3QEM),0.4879
Ro25-6981 (3QEM),0.4879
Ro25-6981 (3QEM),0.488
Ro25-6981 (3QEM),0.4882
Ro25-6981 (3QEM),0.4882
Ro25-6981 (3QEM),0.4885
Ro25-6981 (3QEM),0.4885
Ro25-6981 (3QEM),0.4886
Ro25-6981 (3QEM),0.4886
Ro25-6981 (3QEM),0.4888
Ro25-6981 (3QEM),0.4888
Ro25-6981 (3QEM),0.4888
Ro25-6981 (3QEM),0.4889
Ro25-6981 (3QEM),0.4893
Ro25-6981 (3QEM),0.4896
Ro25-6981 (3QEM),0.4897
Ro25-6981 (3QEM),0.4903
Ro25-6981 (3QEM),0.4905
Ro25-6981 (3QEM),0.491
Ro25-6981 (3QEM),0.4913
Ro25-6981 (3QEM),0.4915
Ro25-6981 (3QEM),0.4915
Ro25-6981 (3QEM),0.4915
Ro25-6981 (3QEM),0.4918
Ro25-6981 (3QEM),0.492
Ro25-6981 (3QEM),0.4923
Ro25-6981 (3QEM),0.4923
Ro25-6981 (3QEM),0.4926
Ro25-6981 (3QEM),0.4927
Ro25-6981 (3QEM),0.4927
Ro25-6981 (3QEM),0.4928
Ro25-6981 (3QEM),0.4933
Ro25-6981 (3QEM),0.4934
Ro25-6981 (3QEM),0.4937
Ro25-6981 (3QEM),0.494
Ro25-6981 (3QEM),0.4941
Ro25-6981 (3QEM),0.4941
Ro25-6981 (3QEM),0.4942
Ro25-6981 (3QEM),0.4945
Ro25-6981 (3QEM),0.4945
Ro25-6981 (3QEM),0.4947
Ro25-6981 (3QEM),0.495
Ro25-6981 (3QEM),0.4951
Ro25-6981 (3QEM),0.4954
Ro25-6981 (3QEM),0.4955
Ro25-6981 (3QEM),0.4956
Ro25-6981 (3QEM),0.4958
Ro25-6981 (3QEM),0.4959
Ro25-6981 (3QEM),0.496
Ro25-6981 (3QEM),0.496
Ro25-6981 (3QEM),0.4962
Ro25-6981 (3QEM),0.4962
Ro25-6981 (3QEM),0.4964
Ro25-6981 (3QEM),0.4965
Ro25-6981 (3QEM),0.4966
Ro25-6981 (3QEM),0.4966
Ro25-6981 (3QEM),0.4966
Ro25-6981 (3QEM),0.4968
Ro25-6981 (3QEM),0.4969
Ro25-6981 (3QEM),0.4972
Ro25-6981 (3QEM),0.4972
Ro25-6981 (3QEM),0.4974
Ro25-6981 (3QEM),0.4975
Ro25-6981 (3QEM),0.4977
Ro25-6981 (3QEM),0.4978
Ro25-6981 (3QEM),0.4978
Ro25-6981 (3QEM),0.4979
Ro25-6981 (3QEM),0.4982
Ro25-6981 (3QEM),0.4982
Ro25-6981 (3QEM),0.4983
Ro25-6981 (3QEM),0.4983
Ro25-6981 (3QEM),0.4984
Ro25-6981 (3QEM),0.4984
Ro25-6981 (3QEM),0.4986
Ro25-6981 (3QEM),0.4987
Ro25-6981 (3QEM),0.4988
Ro25-6981 (3QEM),0.4989
Ro25-6981 (3QEM),0.4991
Ro25-6981 (3QEM),0.4991
Ro25-6981 (3QEM),0.4993
Ro25-6981 (3QEM),0.4994
Ro25-6981 (3QEM),0.4995
Ro25-6981 (3QEM),0.4997
Ro25-6981 (3QEM),0.5
Ro25-6981 (3QEM),0.5002
Ro25-6981 (3QEM),0.5004
Ro25-6981 (3QEM),0.5005
Ro25-6981 (3QEM),0.5007
Ro25-6981 (3QEM),0.5008
Ro25-6981 (3QEM),0.501
Ro25-6981 (3QEM),0.5011
Ro25-6981 (3QEM),0.5012
Ro25-6981 (3QEM),0.5015
Ro25-6981 (3QEM),0.5015
Ro25-6981 (3QEM),0.5015
Ro25-6981 (3QEM),0.5016
Ro25-6981 (3QEM),0.502
Ro25-6981 (3QEM),0.5024
Ro25-6981 (3QEM),0.5026
Ro25-6981 (3QEM),0.5028
Ro25-6981 (3QEM),0.5029
Ro25-6981 (3QEM),0.5029
Ro25-6981 (3QEM),0.503
Ro25-6981 (3QEM),0.5031
Ro25-6981 (3QEM),0.5032
Ro25-6981 (3QEM),0.5032
Ro25-6981 (3QEM),0.5033
Ro25-6981 (3QEM),0.5034
Ro25-6981 (3QEM),0.5034
Ro25-6981 (3QEM),0.5035
Ro25-6981 (3QEM),0.5036
Ro25-6981 (3QEM),0.5037
Ro25-6981 (3QEM),0.5041
Ro25-6981 (3QEM),0.5041
Ro25-6981 (3QEM),0.5041
Ro25-6981 (3QEM),0.5044
Ro25-6981 (3QEM),0.5045
Ro25-6981 (3QEM),0.5046
Ro25-6981 (3QEM),0.5046
Ro25-6981 (3QEM),0.5047
Ro25-6981 (3QEM),0.5047
Ro25-6981 (3QEM),0.5048
Ro25-6981 (3QEM),0.5053
Ro25-6981 (3QEM),0.5054
Ro25-6981 (3QEM),0.5056
Ro25-6981 (3QEM),0.5059
Ro25-6981 (3QEM),0.5059
Ro25-6981 (3QEM),0.5061
Ro25-6981 (3QEM),0.5062
Ro25-6981 (3QEM),0.5069
Ro25-6981 (3QEM),0.5074
Ro25-6981 (3QEM),0.5076
Ro25-6981 (3QEM),0.5079
Ro25-6981 (3QEM),0.508
Ro25-6981 (3QEM),0.5084
Ro25-6981 (3QEM),0.5085
Ro25-6981 (3QEM),0.5088
Ro25-6981 (3QEM),0.5091
Ro25-6981 (3QEM),0.5091
Ro25-6981 (3QEM),0.5093
Ro25-6981 (3QEM),0.5095
Ro25-6981 (3QEM),0.5095
Ro25-6981 (3QEM),0.5096
Ro25-6981 (3QEM),0.5096
Ro25-6981 (3QEM),0.5096
Ro25-6981 (3QEM),0.5098
Ro25-6981 (3QEM),0.51
Ro25-6981 (3QEM),0.51
Ro25-6981 (3QEM),0.5101
Ro25-6981 (3QEM),0.5101
Ro25-6981 (3QEM),0.5101
Ro25-6981 (3QEM),0.5102
Ro25-6981 (3QEM),0.5105
Ro25-6981 (3QEM),0.5106
Ro25-6981 (3QEM),0.5106
Ro25-6981 (3QEM),0.511
Ro25-6981 (3QEM),0.511
Ro25-6981 (3QEM),0.5112
Ro25-6981 (3QEM),0.5112
Ro25-6981 (3QEM),0.5114
Ro25-6981 (3QEM),0.5114
Ro25-6981 (3QEM),0.5114
Ro25-6981 (3QEM),0.5115
Ro25-6981 (3QEM),0.5116
Ro25-6981 (3QEM),0.5117
Ro25-6981 (3QEM),0.5119
Ro25-6981 (3QEM),0.512
Ro25-6981 (3QEM),0.5123
Ro25-6981 (3QEM),0.5125
Ro25-6981 (3QEM),0.5126
Ro25-6981 (3QEM),0.5127
Ro25-6981 (3QEM),0.513
Ro25-6981 (3QEM),0.5131
Ro25-6981 (3QEM),0.5133
Ro25-6981 (3QEM),0.5136
Ro25-6981 (3QEM),0.5138
Ro25-6981 (3QEM),0.5141
Ro25-6981 (3QEM),0.5141
Ro25-6981 (3QEM),0.5141
Ro25-6981 (3QEM),0.5145
Ro25-6981 (3QEM),0.5146
Ro25-6981 (3QEM),0.5153
Ro25-6981 (3QEM),0.5163
Ro25-6981 (3QEM),0.5164
Ro25-6981 (3QEM),0.5165
Ro25-6981 (3QEM),0.5165
Ro25-6981 (3QEM),0.5166
Ro25-6981 (3QEM),0.5168
Ro25-6981 (3QEM),0.5169
Ro25-6981 (3QEM),0.5169
Ro25-6981 (3QEM),0.5169
Ro25-6981 (3QEM),0.5171
Ro25-6981 (3QEM),0.5173
Ro25-6981 (3QEM),0.5173
Ro25-6981 (3QEM),0.5173
Ro25-6981 (3QEM),0.5175
Ro25-6981 (3QEM),0.5178
Ro25-6981 (3QEM),0.5178
Ro25-6981 (3QEM),0.5179
Ro25-6981 (3QEM),0.518
Ro25-6981 (3QEM),0.5183
Ro25-6981 (3QEM),0.5184
Ro25-6981 (3QEM),0.5186
Ro25-6981 (3QEM),0.5186
Ro25-6981 (3QEM),0.5187
Ro25-6981 (3QEM),0.5193
Ro25-6981 (3QEM),0.5194
Ro25-6981 (3QEM),0.5196
Ro25-6981 (3QEM),0.5201
Ro25-6981 (3QEM),0.5204
Ro25-6981 (3QEM),0.5206
Ro25-6981 (3QEM),0.5206
Ro25-6981 (3QEM),0.5217
Ro25-6981 (3QEM),0.522
Ro25-6981 (3QEM),0.5224
Ro25-6981 (3QEM),0.5225
Ro25-6981 (3QEM),0.5225
Ro25-6981 (3QEM),0.5225
Ro25-6981 (3QEM),0.5226
Ro25-6981 (3QEM),0.5233
Ro25-6981 (3QEM),0.5235
Ro25-6981 (3QEM),0.5235
Ro25-6981 (3QEM),0.5237
Ro25-6981 (3QEM),0.5238
Ro25-6981 (3QEM),0.5239
Ro25-6981 (3QEM),0.5242
Ro25-6981 (3QEM),0.5243
Ro25-6981 (3QEM),0.5246
Ro25-6981 (3QEM),0.5246
Ro25-6981 (3QEM),0.5253
Ro25-6981 (3QEM),0.5254
Ro25-6981 (3QEM),0.5255
Ro25-6981 (3QEM),0.5255
Ro25-6981 (3QEM),0.5256
Ro25-6981 (3QEM),0.5257
Ro25-6981 (3QEM),0.5258
Ro25-6981 (3QEM),0.5259
Ro25-6981 (3QEM),0.526
Ro25-6981 (3QEM),0.5262
Ro25-6981 (3QEM),0.5264
Ro25-6981 (3QEM),0.5266
Ro25-6981 (3QEM),0.5267
Ro25-6981 (3QEM),0.5268
Ro25-6981 (3QEM),0.527
Ro25-6981 (3QEM),0.5271
Ro25-6981 (3QEM),0.5272
Ro25-6981 (3QEM),0.5273
Ro25-6981 (3QEM),0.5274
Ro25-6981 (3QEM),0.5275
Ro25-6981 (3QEM),0.5276
Ro25-6981 (3QEM),0.5279
Ro25-6981 (3QEM),0.5279
Ro25-6981 (3QEM),0.5279
Ro25-6981 (3QEM),0.528
Ro25-6981 (3QEM),0.528
Ro25-6981 (3QEM),0.5281
Ro25-6981 (3QEM),0.5285
Ro25-6981 (3QEM),0.5295
Ro25-6981 (3QEM),0.5297
Ro25-6981 (3QEM),0.5298
Ro25-6981 (3QEM),0.5298
Ro25-6981 (3QEM),0.53
Ro25-6981 (3QEM),0.5302
Ro25-6981 (3QEM),0.5306
Ro25-6981 (3QEM),0.5308
Ro25-6981 (3QEM),0.5312
Ro25-6981 (3QEM),0.5313
Ro25-6981 (3QEM),0.5314
Ro25-6981 (3QEM),0.5319
Ro25-6981 (3QEM),0.5327
Ro25-6981 (3QEM),0.5332
Ro25-6981 (3QEM),0.5333
Ro25-6981 (3QEM),0.5333
Ro25-6981 (3QEM),0.5333
Ro25-6981 (3QEM),0.5336
Ro25-6981 (3QEM),0.5337
Ro25-6981 (3QEM),0.534
Ro25-6981 (3QEM),0.5341
Ro25-6981 (3QEM),0.5344
Ro25-6981 (3QEM),0.5345
Ro25-6981 (3QEM),0.5347
Ro25-6981 (3QEM),0.5348
Ro25-6981 (3QEM),0.5349
Ro25-6981 (3QEM),0.535
Ro25-6981 (3QEM),0.5352
Ro25-6981 (3QEM),0.5353
Ro25-6981 (3QEM),0.5356
Ro25-6981 (3QEM),0.5359
Ro25-6981 (3QEM),0.5366
Ro25-6981 (3QEM),0.537
Ro25-6981 (3QEM),0.5371
Ro25-6981 (3QEM),0.5382
Ro25-6981 (3QEM),0.5385
Ro25-6981 (3QEM),0.5389
Ro25-6981 (3QEM),0.5393
Ro25-6981 (3QEM),0.5403
Ro25-6981 (3QEM),0.5406
Ro25-6981 (3QEM),0.5407
Ro25-6981 (3QEM),0.5409
Ro25-6981 (3QEM),0.5409
Ro25-6981 (3QEM),0.541
Ro25-6981 (3QEM),0.541
Ro25-6981 (3QEM),0.5411
Ro25-6981 (3QEM),0.5413
Ro25-6981 (3QEM),0.5414
Ro25-6981 (3QEM),0.5417
Ro25-6981 (3QEM),0.5423
Ro25-6981 (3QEM),0.5426
Ro25-6981 (3QEM),0.5428
Ro25-6981 (3QEM),0.5435
Ro25-6981 (3QEM),0.5439
Ro25-6981 (3QEM),0.5443
Ro25-6981 (3QEM),0.5449
Ro25-6981 (3QEM),0.5453
Ro25-6981 (3QEM),0.5453
Ro25-6981 (3QEM),0.5457
Ro25-6981 (3QEM),0.5459
Ro25-6981 (3QEM),0.546
Ro25-6981 (3QEM),0.5462
Ro25-6981 (3QEM),0.547
Ro25-6981 (3QEM),0.5472
Ro25-6981 (3QEM),0.5478
Ro25-6981 (3QEM),0.5479
Ro25-6981 (3QEM),0.5481
Ro25-6981 (3QEM),0.5481
Ro25-6981 (3QEM),0.5485
Ro25-6981 (3QEM),0.5485
Ro25-6981 (3QEM),0.5485
Ro25-6981 (3QEM),0.5487
Ro25-6981 (3QEM),0.5488
Ro25-6981 (3QEM),0.5488
Ro25-6981 (3QEM),0.5491
Ro25-6981 (3QEM),0.5492
Ro25-6981 (3QEM),0.5495
Ro25-6981 (3QEM),0.5496
Ro25-6981 (3QEM),0.5498
Ro25-6981 (3QEM),0.5503
Ro25-6981 (3QEM),0.5505
Ro25-6981 (3QEM),0.5509
Ro25-6981 (3QEM),0.5509
Ro25-6981 (3QEM),0.5516
Ro25-6981 (3QEM),0.552
Ro25-6981 (3QEM),0.5521
Ro25-6981 (3QEM),0.5525
Ro25-6981 (3QEM),0.5534
Ro25-6981 (3QEM),0.5536
Ro25-6981 (3QEM),0.5538
Ro25-6981 (3QEM),0.5541
Ro25-6981 (3QEM),0.5544
Ro25-6981 (3QEM),0.5553
Ro25-6981 (3QEM),0.5553
Ro25-6981 (3QEM),0.5557
Ro25-6981 (3QEM),0.5558
Ro25-6981 (3QEM),0.5568
Ro25-6981 (3QEM),0.5572
Ro25-6981 (3QEM),0.5575
Ro25-6981 (3QEM),0.5576
Ro25-6981 (3QEM),0.5578
Ro25-6981 (3QEM),0.5582
Ro25-6981 (3QEM),0.5587
Ro25-6981 (3QEM),0.5597
Ro25-6981 (3QEM),0.5598
Ro25-6981 (3QEM),0.56
Ro25-6981 (3QEM),0.5605
Ro25-6981 (3QEM),0.5613
Ro25-6981 (3QEM),0.5614
Ro25-6981 (3QEM),0.5616
Ro25-6981 (3QEM),0.5618
Ro25-6981 (3QEM),0.5632
Ro25-6981 (3QEM),0.5634
Ro25-6981 (3QEM),0.5634
Ro25-6981 (3QEM),0.5636
Ro25-6981 (3QEM),0.5638
Ro25-6981 (3QEM),0.5638
Ro25-6981 (3QEM),0.5644
Ro25-6981 (3QEM),0.5645
Ro25-6981 (3QEM),0.5647
Ro25-6981 (3QEM),0.5648
Ro25-6981 (3QEM),0.5653
Ro25-6981 (3QEM),0.5654
Ro25-6981 (3QEM),0.5657
Ro25-6981 (3QEM),0.5657
Ro25-6981 (3QEM),0.5657
Ro25-6981 (3QEM),0.566
Ro25-6981 (3QEM),0.5665
Ro25-6981 (3QEM),0.5669
Ro25-6981 (3QEM),0.5676
Ro25-6981 (3QEM),0.5677
Ro25-6981 (3QEM),0.5678
Ro25-6981 (3QEM),0.568
Ro25-6981 (3QEM),0.5687
Ro25-6981 (3QEM),0.57
Ro25-6981 (3QEM),0.5706
Ro25-6981 (3QEM),0.5706
Ro25-6981 (3QEM),0.5707
Ro25-6981 (3QEM),0.5709
Ro25-6981 (3QEM),0.5716
Ro25-6981 (3QEM),0.5729
Ro25-6981 (3QEM),0.5738
Ro25-6981 (3QEM),0.574
Ro25-6981 (3QEM),0.5748
Ro25-6981 (3QEM),0.5749
Ro25-6981 (3QEM),0.5753
Ro25-6981 (3QEM),0.5753
Ro25-6981 (3QEM),0.5759
Ro25-6981 (3QEM),0.5767
Ro25-6981 (3QEM),0.5771
Ro25-6981 (3QEM),0.5775
Ro25-6981 (3QEM),0.5778
Ro25-6981 (3QEM),0.5782
Ro25-6981 (3QEM),0.5784
Ro25-6981 (3QEM),0.5785
Ro25-6981 (3QEM),0.5785
Ro25-6981 (3QEM),0.5786
Ro25-6981 (3QEM),0.5802
Ro25-6981 (3QEM),0.5803
Ro25-6981 (3QEM),0.5805
Ro25-6981 (3QEM),0.5808
Ro25-6981 (3QEM),0.581
Ro25-6981 (3QEM),0.5812
Ro25-6981 (3QEM),0.5813
Ro25-6981 (3QEM),0.5826
Ro25-6981 (3QEM),0.5827
Ro25-6981 (3QEM),0.5828
Ro25-6981 (3QEM),0.583
Ro25-6981 (3QEM),0.5832
Ro25-6981 (3QEM),0.5834
Ro25-6981 (3QEM),0.5835
Ro25-6981 (3QEM),0.5837
Ro25-6981 (3QEM),0.5837
Ro25-6981 (3QEM),0.5844
Ro25-6981 (3QEM),0.5844
Ro25-6981 (3QEM),0.5851
Ro25-6981 (3QEM),0.5853
Ro25-6981 (3QEM),0.5856
Ro25-6981 (3QEM),0.5857
Ro25-6981 (3QEM),0.5863
Ro25-6981 (3QEM),0.5871
Ro25-6981 (3QEM),0.5874
Ro25-6981 (3QEM),0.5879
Ro25-6981 (3QEM),0.5884
Ro25-6981 (3QEM),0.59
Ro25-6981 (3QEM),0.5902
Ro25-6981 (3QEM),0.5904
Ro25-6981 (3QEM),0.5904
Ro25-6981 (3QEM),0.5939
Ro25-6981 (3QEM),0.5943
Ro25-6981 (3QEM),0.595
Ro25-6981 (3QEM),0.5957
Ro25-6981 (3QEM),0.5965
Ro25-6981 (3QEM),0.5976
Ro25-6981 (3QEM),0.5982
Ro25-6981 (3QEM),0.5985
Ro25-6981 (3QEM),0.5987
Ro25-6981 (3QEM),0.5988
Ro25-6981 (3QEM),0.5988
Ro25-6981 (3QEM),0.5998
Ro25-6981 (3QEM),0.6022
Ro25-6981 (3QEM),0.6038
Ro25-6981 (3QEM),0.604
Ro25-6981 (3QEM),0.6045
Ro25-6981 (3QEM),0.6053
Ro25-6981 (3QEM),0.6055
Ro25-6981 (3QEM),0.6057
Ro25-6981 (3QEM),0.6072
Ro25-6981 (3QEM),0.6073
Ro25-6981 (3QEM),0.6082
Ro25-6981 (3QEM),0.6089
Ro25-6981 (3QEM),0.6098
Ro25-6981 (3QEM),0.6106
Ro25-6981 (3QEM),0.6122
Ro25-6981 (3QEM),0.6125
Ro25-6981 (3QEM),0.6125
Ro25-6981 (3QEM),0.6126
Ro25-6981 (3QEM),0.6148
Ro25-6981 (3QEM),0.6163
Ro25-6981 (3QEM),0.6165
Ro25-6981 (3QEM),0.6167
Ro25-6981 (3QEM),0.6175
Ro25-6981 (3QEM),0.6181
Ro25-6981 (3QEM),0.6186
Ro25-6981 (3QEM),0.6189
Ro25-6981 (3QEM),0.6195
Ro25-6981 (3QEM),0.6197
Ro25-6981 (3QEM),0.6201
Ro25-6981 (3QEM),0.6204
Ro25-6981 (3QEM),0.6222
Ro25-6981 (3QEM),0.6225
Ro25-6981 (3QEM),0.623
Ro25-6981 (3QEM),0.6247
Ro25-6981 (3QEM),0.6248
Ro25-6981 (3QEM),0.6249
Ro25-6981 (3QEM),0.6254
Ro25-6981 (3QEM),0.6268
Ro25-6981 (3QEM),0.6272
Ro25-6981 (3QEM),0.6278
Ro25-6981 (3QEM),0.63
Ro25-6981 (3QEM),0.6306
Ro25-6981 (3QEM),0.6327
Ro25-6981 (3QEM),0.6346
Ro25-6981 (3QEM),0.635
Ro25-6981 (3QEM),0.6369
Ro25-6981 (3QEM),0.6387
Ro25-6981 (3QEM),0.6394
Ro25-6981 (3QEM),0.641
Ro25-6981 (3QEM),0.6435
Ro25-6981 (3QEM),0.6436
Ro25-6981 (3QEM),0.6441
Ro25-6981 (3QEM),0.6451
Ro25-6981 (3QEM),0.6457
Ro25-6981 (3QEM),0.6475
Ro25-6981 (3QEM),0.6477
Ro25-6981 (3QEM),0.6478
Ro25-6981 (3QEM),0.6478
Ro25-6981 (3QEM),0.6479
Ro25-6981 (3QEM),0.6482
Ro25-6981 (3QEM),0.6482
Ro25-6981 (3QEM),0.6493
Ro25-6981 (3QEM),0.6494
Ro25-6981 (3QEM),0.6498
Ro25-6981 (3QEM),0.6498
Ro25-6981 (3QEM),0.651
Ro25-6981 (3QEM),0.6515
Ro25-6981 (3QEM),0.6528
Ro25-6981 (3QEM),0.6531
Ro25-6981 (3QEM),0.6534
Ro25-6981 (3QEM),0.6556
Ro25-6981 (3QEM),0.6557
Ro25-6981 (3QEM),0.6563
Ro25-6981 (3QEM),0.6573
Ro25-6981 (3QEM),0.6573
Ro25-6981 (3QEM),0.6575
Ro25-6981 (3QEM),0.6583
Ro25-6981 (3QEM),0.6587
Ro25-6981 (3QEM),0.659
Ro25-6981 (3QEM),0.6602
Ro25-6981 (3QEM),0.6607
Ro25-6981 (3QEM),0.6629
Ro25-6981 (3QEM),0.6636
Ro25-6981 (3QEM),0.664
Ro25-6981 (3QEM),0.6644
Ro25-6981 (3QEM),0.6647
Ro25-6981 (3QEM),0.6647
Ro25-6981 (3QEM),0.6657
Ro25-6981 (3QEM),0.6677
Ro25-6981 (3QEM),0.6693
Ro25-6981 (3QEM),0.6703
Ro25-6981 (3QEM),0.6718
Ro25-6981 (3QEM),0.6721
Ro25-6981 (3QEM),0.6723
Ro25-6981 (3QEM),0.6727
Ro25-6981 (3QEM),0.6732
Ro25-6981 (3QEM),0.6743
Ro25-6981 (3QEM),0.676
Ro25-6981 (3QEM),0.6774
Ro25-6981 (3QEM),0.6791
Ro25-6981 (3QEM),0.6792
Ro25-6981 (3QEM),0.6812
Ro25-6981 (3QEM),0.6842
Ro25-6981 (3QEM),0.6851
Ro25-6981 (3QEM),0.6859
Ro25-6981 (3QEM),0.6862
Ro25-6981 (3QEM),0.6875
Ro25-6981 (3QEM),0.6876
Ro25-6981 (3QEM),0.6886
Ro25-6981 (3QEM),0.6887
Ro25-6981 (3QEM),0.6893
Ro25-6981 (3QEM),0.6898
Ro25-6981 (3QEM),0.6898
Ro25-6981 (3QEM),0.6902
Ro25-6981 (3QEM),0.6928
Ro25-6981 (3QEM),0.6936
Ro25-6981 (3QEM),0.694
Ro25-6981 (3QEM),0.6942
Ro25-6981 (3QEM),0.6966
Ro25-6981 (3QEM),0.6967
Ro25-6981 (3QEM),0.6995
Ro25-6981 (3QEM),0.7029
Ro25-6981 (3QEM),0.7036
Ro25-6981 (3QEM),0.7042
Ro25-6981 (3QEM),0.7044
Ro25-6981 (3QEM),0.7058
Ro25-6981 (3QEM),0.7074
Ro25-6981 (3QEM),0.7077
Ro25-6981 (3QEM),0.7077
Ro25-6981 (3QEM),0.71
Ro25-6981 (3QEM),0.7117
Ro25-6981 (3QEM),0.7126
Ro25-6981 (3QEM),0.713
Ro25-6981 (3QEM),0.7146
Ro25-6981 (3QEM),0.7151
Ro25-6981 (3QEM),0.7167
Ro25-6981 (3QEM),0.718
Ro25-6981 (3QEM),0.7189
Ro25-6981 (3QEM),0.7195
Ro25-6981 (3QEM),0.7213
Ro25-6981 (3QEM),0.7232
Ro25-6981 (3QEM),0.7251
Ro25-6981 (3QEM),0.729
Ro25-6981 (3QEM),0.7291
Ro25-6981 (3QEM),0.7305
Ro25-6981 (3QEM),0.7345
Ro25-6981 (3QEM),0.7373
Ro25-6981 (3QEM),0.7381
Ro25-6981 (3QEM),0.7427
Ro25-6981 (3QEM),0.7431
Ro25-6981 (3QEM),0.7715
Ro25-6981 (3QEM),0.7822
Ro25-6981 (3QEM),0.8268
Ro25-6981 (3QEM),1.2708
Ro25-6981 (3QEM),1.2738
Ro25-6981 (3QEM),1.2934
Ro25-6981 (3QEM),1.2986
Ro25-6981 (3QEM),1.3225
Ro25-6981 (3QEM),1.5054
Ro25-6981 (3QEM),1.5318
Ro25-6981 (3QEM),1.5479
Ro25-6981 (3QEM),1.5612
Ro25-6981 (3QEM),1.5743
Ro25-6981 (3QEM),1.5763
Ro25-6981 (3QEM),1.5807
Ro25-6981 (3QEM),1.5812
Ro25-6981 (3QEM),1.5869
Ro25-6981 (3QEM),1.5887
Ro25-6981 (3QEM),1.5891
Ro25-6981 (3QEM),1.5892
Ro25-6981 (3QEM),1.5907
Ro25-6981 (3QEM),1.5916
Ro25-6981 (3QEM),1.5922
Ro25-6981 (3QEM),1.594
Ro25-6981 (3QEM),1.5945
Ro25-6981 (3QEM),1.5964
Ro25-6981 (3QEM),1.5984
Ro25-6981 (3QEM),1.6021
Ro25-6981 (3QEM),1.6038
Ro25-6981 (3QEM),1.6039
Ro25-6981 (3QEM),1.6057
Ro25-6981 (3QEM),1.6105
Ro25-6981 (3QEM),1.6135
Ro25-6981 (3QEM),1.6148
Ro25-6981 (3QEM),1.6189
Ro25-6981 (3QEM),1.626
Ro25-6981 (3QEM),1.626
Ro25-6981 (3QEM),1.6268
Ro25-6981 (3QEM),1.627
Ro25-6981 (3QEM),1.6275
Ro25-6981 (3QEM),1.629
Ro25-6981 (3QEM),1.6314
Ro25-6981 (3QEM),1.6315
Ro25-6981 (3QEM),1.6328
Ro25-6981 (3QEM),1.6339
Ro25-6981 (3QEM),1.6366
Ro25-6981 (3QEM),1.6367
Ro25-6981 (3QEM),1.6369
Ro25-6981 (3QEM),1.6412
Ro25-6981 (3QEM),1.6452
Ro25-6981 (3QEM),1.6468
Ro25-6981 (3QEM),1.6477
Ro25-6981 (3QEM),1.6512
Ro25-6981 (3QEM),1.6528
Ro25-6981 (3QEM),1.6703
Ro25-6981 (3QEM),1.6718
Ro25-6981 (3QEM),1.6766
Ro25-6981 (3QEM),1.6826
Ro25-6981 (3QEM),1.6941
Ro25-6981 (3QEM),1.6955
Ro25-6981 (3QEM),1.7063
Ro25-6981 (3QEM),1.7092
Ro25-6981 (3QEM),1.7124
Ro25-6981 (3QEM),1.7196
Ro25-6981 (3QEM),1.7241
Ro25-6981 (3QEM),1.7473
Ro25-6981 (3QEM),1.76
Ro25-6981 (3QEM),1.7832
Ro25-6981 (3QEM),1.7869
Ro25-6981 (3QEM),1.8503
Ro25-6981 (3QEM),1.9117
Ro25-6981 (3QEM),2.32
Ro25-6981 (3QEM),2.3365
Ro25-6981 (3QEM),2.359
EVT-101 (5EWM),0.5268
EVT-101 (5EWM),0.5437
EVT-101 (5EWM),0.5459
EVT-101 (5EWM),0.5531
EVT-101 (5EWM),0.5547
EVT-101 (5EWM),0.5644
EVT-101 (5EWM),0.5792
EVT-101 (5EWM),0.5943
EVT-101 (5EWM),0.5953
EVT-101 (5EWM),0.5971
EVT-101 (5EWM),0.6042
EVT-101 (5EWM),0.6404
EVT-101 (5EWM),0.6422
EVT-101 (5EWM),0.6591
EVT-101 (5EWM),0.6636
EVT-101 (5EWM),0.6641
EVT-101 (5EWM),0.6909
EVT-101 (5EWM),0.6914
EVT-101 (5EWM),0.6922
EVT-101 (5EWM),0.6942
EVT-101 (5EWM),0.8019
EVT-101 (5EWM),0.8621
EVT-101 (5EWM),0.8625
EVT-101 (5EWM),0.8712
EVT-101 (5EWM),0.8751
EVT-101 (5EWM),0.8941
EVT-101 (5EWM),0.9244
EVT-101 (5EWM),0.9493
EVT-101 (5EWM),0.9634
EVT-101 (5EWM),1.3063
EVT-101 (5EWM),1.307
EVT-101 (5EWM),1.3079
EVT-101 (5EWM),1.3101
EVT-101 (5EWM),1.312
EVT-101 (5EWM),1.3141
EVT-101 (5EWM),1.3172
EVT-101 (5EWM),1.3196
EVT-101 (5EWM),1.3212
EVT-101 (5EWM),1.3217
EVT-101 (5EWM),1.3217
EVT-101 (5EWM),1.3226
EVT-101 (5EWM),1.3228
EVT-101 (5EWM),1.324
EVT-101 (5EWM),1.3249
EVT-101 (5EWM),1.3254
EVT-101 (5EWM),1.3255
EVT-101 (5EWM),1.3262
EVT-101 (5EWM),1.3263
EVT-101 (5EWM),1.3272
EVT-101 (5EWM),1.3281
EVT-101 (5EWM),1.3281
EVT-101 (5EWM),1.3286
EVT-101 (5EWM),1.3287
EVT-101 (5EWM),1.3293
EVT-101 (5EWM),1.3294
EVT-101 (5EWM),1.3302
EVT-101 (5EWM),1.3317
EVT-101 (5EWM),1.3318
EVT-101 (5EWM),1.3325
EVT-101 (5EWM),1.333
EVT-101 (5EWM),1.3334
EVT-101 (5EWM),1.3344
EVT-101 (5EWM),1.3356
EVT-101 (5EWM),1.3358
EVT-101 (5EWM),1.3359
EVT-101 (5EWM),1.3365
EVT-101 (5EWM),1.3366
EVT-101 (5EWM),1.3376
EVT-101 (5EWM),1.3378
EVT-101 (5EWM),1.3401
EVT-101 (5EWM),1.3411
EVT-101 (5EWM),1.3429
EVT-101 (5EWM),1.3429
EVT-101 (5EWM),1.343
EVT-101 (5EWM),1.3449
EVT-101 (5EWM),1.3454
EVT-101 (5EWM),1.346
EVT-101 (5EWM),1.3474
EVT-101 (5EWM),1.3488
EVT-101 (5EWM),1.349
EVT-101 (5EWM),1.3491
EVT-101 (5EWM),1.3496
EVT-101 (5EWM),1.3506
EVT-101 (5EWM),1.3511
EVT-101 (5EWM),1.352
EVT-101 (5EWM),1.3528
EVT-101 (5EWM),1.3531
EVT-101 (5EWM),1.354
EVT-101 (5EWM),1.3543
EVT-101 (5EWM),1.3544
EVT-101 (5EWM),1.3547
EVT-101 (5EWM),1.3557
EVT-101 (5EWM),1.3558
EVT-101 (5EWM),1.3572
EVT-101 (5EWM),1.3576
EVT-101 (5EWM),1.3587
EVT-101 (5EWM),1.36
EVT-101 (5EWM),1.3604
EVT-101 (5EWM),1.3608
EVT-101 (5EWM),1.3613
EVT-101 (5EWM),1.3616
EVT-101 (5EWM),1.3626
EVT-101 (5EWM),1.364
EVT-101 (5EWM),1.3644
EVT-101 (5EWM),1.3646
EVT-101 (5EWM),1.3668
EVT-101 (5EWM),1.3676
EVT-101 (5EWM),1.3689
EVT-101 (5EWM),1.369
EVT-101 (5EWM),1.3696
EVT-101 (5EWM),1.3704
EVT-101 (5EWM),1.3705
EVT-101 (5EWM),1.3712
EVT-101 (5EWM),1.3719
EVT-101 (5EWM),1.372
EVT-101 (5EWM),1.372
EVT-101 (5EWM),1.3727
EVT-101 (5EWM),1.3747
EVT-101 (5EWM),1.3766
EVT-101 (5EWM),1.3775
EVT-101 (5EWM),1.3779
EVT-101 (5EWM),1.3784
EVT-101 (5EWM),1.3794
EVT-101 (5EWM),1.38
EVT-101 (5EWM),1.3814
EVT-101 (5EWM),1.3815
EVT-101 (5EWM),1.383
EVT-101 (5EWM),1.3847
EVT-101 (5EWM),1.3883
EVT-101 (5EWM),1.3884
EVT-101 (5EWM),1.3887
EVT-101 (5EWM),1.3892
EVT-101 (5EWM),1.3893
EVT-101 (5EWM),1.3899
EVT-101 (5EWM),1.3904
EVT-101 (5EWM),1.3925
EVT-101 (5EWM),1.3929
EVT-101 (5EWM),1.3932
EVT-101 (5EWM),1.3956
EVT-101 (5EWM),1.3958
EVT-101 (5EWM),1.3961
EVT-101 (5EWM),1.3967
EVT-101 (5EWM),1.3993
EVT-101 (5EWM),1.4
EVT-101 (5EWM),1.4019
EVT-101 (5EWM),1.4029
EVT-101 (5EWM),1.4043
EVT-101 (5EWM),1.4048
EVT-101 (5EWM),1.4056
EVT-101 (5EWM),1.4081
EVT-101 (5EWM),1.409
EVT-101 (5EWM),1.4101
EVT-101 (5EWM),1.4126
EVT-101 (5EWM),1.4145
EVT-101 (5EWM),1.4145
EVT-101 (5EWM),1.4179
EVT-101 (5EWM),1.4212
EVT-101 (5EWM),1.4218
EVT-101 (5EWM),1.4311
EVT-101 (5EWM),1.439
EVT-101 (5EWM),1.4398
EVT-101 (5EWM),1.4441
EVT-101 (5EWM),1.445
EVT-101 (5EWM),1.4501
EVT-101 (5EWM),1.4509
EVT-101 (5EWM),1.4527
EVT-101 (5EWM),1.4578
EVT-101 (5EWM),1.4595
EVT-101 (5EWM),1.462
EVT-101 (5EWM),1.4794
EVT-101 (5EWM),1.4805
EVT-101 (5EWM),1.483
EVT-101 (5EWM),1.4871
EVT-101 (5EWM),1.4875
EVT-101 (5EWM),1.4904
EVT-101 (5EWM),1.4929
EVT-101 (5EWM),1.4957
EVT-101 (5EWM),1.4963
EVT-101 (5EWM),1.4985
EVT-101 (5EWM),1.502
EVT-101 (5EWM),1.5032
EVT-101 (5EWM),1.5144
EVT-101 (5EWM),1.521
EVT-101 (5EWM),1.5291
EVT-101 (5EWM),1.5423
EVT-101 (5EWM),1.5507
EVT-101 (5EWM),1.7359
EVT-101 (5EWM),1.8635
EVT-101 (5EWM),1.9475
EVT-101 (5EWM),1.9516
EVT-101 (5EWM),1.9765
EVT-101 (5EWM),1.9898
EVT-101 (5EWM),1.9898
EVT-101 (5EWM),1.9966
EVT-101 (5EWM),2.0114
EVT-101 (5EWM),2.0121
EVT-101 (5EWM),2.0182
EVT-101 (5EWM),2.0202
EVT-101 (5EWM),2.0228
EVT-101 (5EWM),2.0249
EVT-101 (5EWM),2.0322
EVT-101 (5EWM),2.0356
EVT-101 (5EWM),2.042
EVT-101 (5EWM),2.044
EVT-101 (5EWM),2.045
EVT-101 (5EWM),2.0479
EVT-101 (5EWM),2.0484
EVT-101 (5EWM),2.0547
EVT-101 (5EWM),2.0563
EVT-101 (5EWM),2.0576
EVT-101 (5EWM),2.0577
EVT-101 (5EWM),2.0619
EVT-101 (5EWM),2.0632
EVT-101 (5EWM),2.0648
EVT-101 (5EWM),2.0662
EVT-101 (5EWM),2.0689
EVT-101 (5EWM),2.0699
EVT-101 (5EWM),2.07
EVT-101 (5EWM),2.075
EVT-101 (5EWM),2.0753
EVT-101 (5EWM),2.0753
EVT-101 (5EWM),2.0754
EVT-101 (5EWM),2.0754
EVT-101 (5EWM),2.0765
EVT-101 (5EWM),2.0792
EVT-101 (5EWM),2.0794
EVT-101 (5EWM),2.0802
EVT-101 (5EWM),2.0807
EVT-101 (5EWM),2.082
EVT-101 (5EWM),2.0832
EVT-101 (5EWM),2.0835
EVT-101 (5EWM),2.084
EVT-101 (5EWM),2.0888
EVT-101 (5EWM),2.0895
EVT-101 (5EWM),2.0896
EVT-101 (5EWM),2.0901
EVT-101 (5EWM),2.0918
EVT-101 (5EWM),2.0919
EVT-101 (5EWM),2.0946
EVT-101 (5EWM),2.0948
EVT-101 (5EWM),2.095
EVT-101 (5EWM),2.095
EVT-101 (5EWM),2.096
EVT-101 (5EWM),2.0964
EVT-101 (5EWM),2.0969
EVT-101 (5EWM),2.0991
EVT-101 (5EWM),2.1003
EVT-101 (5EWM),2.101
EVT-101 (5EWM),2.1014
EVT-101 (5EWM),2.1037
EVT-101 (5EWM),2.1045
EVT-101 (5EWM),2.1048
EVT-101 (5EWM),2.105
EVT-101 (5EWM),2.1057
EVT-101 (5EWM),2.1058
EVT-101 (5EWM),2.1059
EVT-101 (5EWM),2.1063
EVT-101 (5EWM),2.1063
EVT-101 (5EWM),2.1068
EVT-101 (5EWM),2.1076
EVT-101 (5EWM),2.1077
EVT-101 (5EWM),2.1078
EVT-101 (5EWM),2.1081
EVT-101 (5EWM),2.1094
EVT-101 (5EWM),2.1094
EVT-101 (5EWM),2.1097
EVT-101 (5EWM),2.1102
EVT-101 (5EWM),2.1121
EVT-101 (5EWM),2.1128
EVT-101 (5EWM),2.1146
EVT-101 (5EWM),2.1146
EVT-101 (5EWM),2.1147
EVT-101 (5EWM),2.1155
EVT-101 (5EWM),2.1156
EVT-101 (5EWM),2.1157
EVT-101 (5EWM),2.1161
EVT-101 (5EWM),2.1162
EVT-101 (5EWM),2.1175
EVT-101 (5EWM),2.1183
EVT-101 (5EWM),2.1189
EVT-101 (5EWM),2.1197
EVT-101 (5EWM),2.1201
EVT-101 (5EWM),2.1205
EVT-101 (5EWM),2.1213
EVT-101 (5EWM),2.1214
EVT-101 (5EWM),2.1218
EVT-101 (5EWM),2.1226
EVT-101 (5EWM),2.1228
EVT-101 (5EWM),2.1231
EVT-101 (5EWM),2.1237
EVT-101 (5EWM),2.1241
EVT-101 (5EWM),2.1249
EVT-101 (5EWM),2.1257
EVT-101 (5EWM),2.126
EVT-101 (5EWM),2.126
EVT-101 (5EWM),2.1265
EVT-101 (5EWM),2.1266
EVT-101 (5EWM),2.127
EVT-101 (5EWM),2.1272
EVT-101 (5EWM),2.1282
EVT-101 (5EWM),2.1285
EVT-101 (5EWM),2.1289
EVT-101 (5EWM),2.1297
EVT-101 (5EWM),2.13
EVT-101 (5EWM),2.1303
EVT-101 (5EWM),2.1307
EVT-101 (5EWM),2.1308
EVT-101 (5EWM),2.1308
EVT-101 (5EWM),2.131
EVT-101 (5EWM),2.1318
EVT-101 (5EWM),2.132
EVT-101 (5EWM),2.1323
EVT-101 (5EWM),2.1328
EVT-101 (5EWM),2.133
EVT-101 (5EWM),2.1337
EVT-101 (5EWM),2.134
EVT-101 (5EWM),2.1341
EVT-101 (5EWM),2.1345
EVT-101 (5EWM),2.1346
EVT-101 (5EWM),2.1349
EVT-101 (5EWM),2.1351
EVT-101 (5EWM),2.1354
EVT-101 (5EWM),2.1365
EVT-101 (5EWM),2.1367
EVT-101 (5EWM),2.1368
EVT-101 (5EWM),2.137
EVT-101 (5EWM),2.1372
EVT-101 (5EWM),2.1375
EVT-101 (5EWM),2.1375
EVT-101 (5EWM),2.1377
EVT-101 (5EWM),2.1379
EVT-101 (5EWM),2.138
EVT-101 (5EWM),2.1381
EVT-101 (5EWM),2.1386
EVT-101 (5EWM),2.1389
EVT-101 (5EWM),2.1389
EVT-101 (5EWM),2.139
EVT-101 (5EWM),2.1392
EVT-101 (5EWM),2.1394
EVT-101 (5EWM),2.1395
EVT-101 (5EWM),2.1402
EVT-101 (5EWM),2.1406
EVT-101 (5EWM),2.1408
EVT-101 (5EWM),2.1413
EVT-101 (5EWM),2.1415
EVT-101 (5EWM),2.1419
EVT-101 (5EWM),2.142
EVT-101 (5EWM),2.1423
EVT-101 (5EWM),2.1427
EVT-101 (5EWM),2.1428
EVT-101 (5EWM),2.1428
EVT-101 (5EWM),2.1428
EVT-101 (5EWM),2.143
EVT-101 (5EWM),2.1433
EVT-101 (5EWM),2.1434
EVT-101 (5EWM),2.1437
EVT-101 (5EWM),2.1437
EVT-101 (5EWM),2.1437
EVT-101 (5EWM),2.1437
EVT-101 (5EWM),2.1442
EVT-101 (5EWM),2.1443
EVT-101 (5EWM),2.1446
EVT-101 (5EWM),2.1447
EVT-101 (5EWM),2.1448
EVT-101 (5EWM),2.145
EVT-101 (5EWM),2.1453
EVT-101 (5EWM),2.1454
EVT-101 (5EWM),2.1456
EVT-101 (5EWM),2.1465
EVT-101 (5EWM),2.1465
EVT-101 (5EWM),2.147
EVT-101 (5EWM),2.1475
EVT-101 (5EWM),2.1477
EVT-101 (5EWM),2.1482
EVT-101 (5EWM),2.1482
EVT-101 (5EWM),2.149
EVT-101 (5EWM),2.15
EVT-101 (5EWM),2.1501
EVT-101 (5EWM),2.1502
EVT-101 (5EWM),2.1505
EVT-101 (5EWM),2.1506
EVT-101 (5EWM),2.1507
EVT-101 (5EWM),2.1515
EVT-101 (5EWM),2.1518
EVT-101 (5EWM),2.1523
EVT-101 (5EWM),2.1525
EVT-101 (5EWM),2.1526
EVT-101 (5EWM),2.1527
EVT-101 (5EWM),2.1528
EVT-101 (5EWM),2.1529
EVT-101 (5EWM),2.153
EVT-101 (5EWM),2.153
EVT-101 (5EWM),2.1534
EVT-101 (5EWM),2.1535
EVT-101 (5EWM),2.1535
EVT-101 (5EWM),2.1536
EVT-101 (5EWM),2.1537
EVT-101 (5EWM),2.1548
EVT-101 (5EWM),2.1548
EVT-101 (5EWM),2.1553
EVT-101 (5EWM),2.1555
EVT-101 (5EWM),2.1556
EVT-101 (5EWM),2.1558
EVT-101 (5EWM),2.1559
EVT-101 (5EWM),2.1562
EVT-101 (5EWM),2.1563
EVT-101 (5EWM),2.1563
EVT-101 (5EWM),2.1564
EVT-101 (5EWM),2.1565
EVT-101 (5EWM),2.157
EVT-101 (5EWM),2.1573
EVT-101 (5EWM),2.1574
EVT-101 (5EWM),2.1576
EVT-101 (5EWM),2.1576
EVT-101 (5EWM),2.1576
EVT-101 (5EWM),2.1586
EVT-101 (5EWM),2.1591
EVT-101 (5EWM),2.1594
EVT-101 (5EWM),2.1594
EVT-101 (5EWM),2.1595
EVT-101 (5EWM),2.1596
EVT-101 (5EWM),2.1598
EVT-101 (5EWM),2.1601
EVT-101 (5EWM),2.1608
EVT-101 (5EWM),2.1609
EVT-101 (5EWM),2.1613
EVT-101 (5EWM),2.1621
EVT-101 (5EWM),2.1624
EVT-101 (5EWM),2.1624
EVT-101 (5EWM),2.163
EVT-101 (5EWM),2.1634
EVT-101 (5EWM),2.1635
EVT-101 (5EWM),2.1635
EVT-101 (5EWM),2.1636
EVT-101 (5EWM),2.1643
EVT-101 (5EWM),2.1648
EVT-101 (5EWM),2.1648
EVT-101 (5EWM),2.165
EVT-101 (5EWM),2.1656
EVT-101 (5EWM),2.1657
EVT-101 (5EWM),2.1663
EVT-101 (5EWM),2.1663
EVT-101 (5EWM),2.1666
EVT-101 (5EWM),2.1675
EVT-101 (5EWM),2.1681
EVT-101 (5EWM),2.1684
EVT-101 (5EWM),2.1687
EVT-101 (5EWM),2.1689
EVT-101 (5EWM),2.1694
EVT-101 (5EWM),2.1696
EVT-101 (5EWM),2.1697
EVT-101 (5EWM),2.17
EVT-101 (5EWM),2.1702
EVT-101 (5EWM),2.1703
EVT-101 (5EWM),2.1704
EVT-101 (5EWM),2.1705
EVT-101 (5EWM),2.1705
EVT-101 (5EWM),2.1709
EVT-101 (5EWM),2.171
EVT-101 (5EWM),2.1713
EVT-101 (5EWM),2.1716
EVT-101 (5EWM),2.1717
EVT-101 (5EWM),2.1724
EVT-101 (5EWM),2.1733
EVT-101 (5EWM),2.1734
EVT-101 (5EWM),2.1739
EVT-101 (5EWM),2.174
EVT-101 (5EWM),2.1745
EVT-101 (5EWM),2.1747
EVT-101 (5EWM),2.1753
EVT-101 (5EWM),2.1754
EVT-101 (5EWM),2.1758
EVT-101 (5EWM),2.1763
EVT-101 (5EWM),2.1764
EVT-101 (5EWM),2.1768
EVT-101 (5EWM),2.1775
EVT-101 (5EWM),2.1782
EVT-101 (5EWM),2.1789
EVT-101 (5EWM),2.1792
EVT-101 (5EWM),2.1797
EVT-101 (5EWM),2.1797
EVT-101 (5EWM),2.1798
EVT-101 (5EWM),2.1801
EVT-101 (5EWM),2.1813
EVT-101 (5EWM),2.1816
EVT-101 (5EWM),2.1817
EVT-101 (5EWM),2.1818
EVT-101 (5EWM),2.1824
EVT-101 (5EWM),2.183
EVT-101 (5EWM),2.1831
EVT-101 (5EWM),2.1837
EVT-101 (5EWM),2.1839
EVT-101 (5EWM),2.1843
EVT-101 (5EWM),2.1844
EVT-101 (5EWM),2.1846
EVT-101 (5EWM),2.1852
EVT-101 (5EWM),2.1858
EVT-101 (5EWM),2.1867
EVT-101 (5EWM),2.1869
EVT-101 (5EWM),2.1869
EVT-101 (5EWM),2.1877
EVT-101 (5EWM),2.1877
EVT-101 (5EWM),2.188
EVT-101 (5EWM),2.188
EVT-101 (5EWM),2.1886
EVT-101 (5EWM),2.189
EVT-101 (5EWM),2.1891
EVT-101 (5EWM),2.1896
EVT-101 (5EWM),2.1899
EVT-101 (5EWM),2.1901
EVT-101 (5EWM),2.1903
EVT-101 (5EWM),2.1904
EVT-101 (5EWM),2.1906
EVT-101 (5EWM),2.1907
EVT-101 (5EWM),2.1909
EVT-101 (5EWM),2.191
EVT-101 (5EWM),2.1911
EVT-101 (5EWM),2.1915
EVT-101 (5EWM),2.1921
EVT-101 (5EWM),2.1924
EVT-101 (5EWM),2.1927
EVT-101 (5EWM),2.1927
EVT-101 (5EWM),2.1928
EVT-101 (5EWM),2.1929
EVT-101 (5EWM),2.1931
EVT-101 (5EWM),2.1937
EVT-101 (5EWM),2.1938
EVT-101 (5EWM),2.1944
EVT-101 (5EWM),2.195
EVT-101 (5EWM),2.1955
EVT-101 (5EWM),2.1959
EVT-101 (5EWM),2.1962
EVT-101 (5EWM),2.1966
EVT-101 (5EWM),2.1966
EVT-101 (5EWM),2.1967
EVT-101 (5EWM),2.1973
EVT-101 (5EWM),2.1977
EVT-101 (5EWM),2.1978
EVT-101 (5EWM),2.1986
EVT-101 (5EWM),2.1988
EVT-101 (5EWM),2.1988
EVT-101 (5EWM),2.199
EVT-101 (5EWM),2.1991
EVT-101 (5EWM),2.1996
EVT-101 (5EWM),2.2002
EVT-101 (5EWM),2.2004
EVT-101 (5EWM),2.2008
EVT-101 (5EWM),2.2013
EVT-101 (5EWM),2.2015
EVT-101 (5EWM),2.2015
EVT-101 (5EWM),2.2031
EVT-101 (5EWM),2.2032
EVT-101 (5EWM),2.2033
EVT-101 (5EWM),2.2036
EVT-101 (5EWM),2.2038
EVT-101 (5EWM),2.2056
EVT-101 (5EWM),2.2056
EVT-101 (5EWM),2.2063
EVT-101 (5EWM),2.2064
EVT-101 (5EWM),2.2068
EVT-101 (5EWM),2.208
EVT-101 (5EWM),2.2084
EVT-101 (5EWM),2.2086
EVT-101 (5EWM),2.2093
EVT-101 (5EWM),2.2094
EVT-101 (5EWM),2.2096
EVT-101 (5EWM),2.2108
EVT-101 (5EWM),2.2114
EVT-101 (5EWM),2.2143
EVT-101 (5EWM),2.2149
EVT-101 (5EWM),2.2165
EVT-101 (5EWM),2.2178
EVT-101 (5EWM),2.2178
EVT-101 (5EWM),2.2183
EVT-101 (5EWM),2.2185
EVT-101 (5EWM),2.2187
EVT-101 (5EWM),2.2188
EVT-101 (5EWM),2.2191
EVT-101 (5EWM),2.2195
EVT-101 (5EWM),2.22
EVT-101 (5EWM),2.2204
EVT-101 (5EWM),2.2204
EVT-101 (5EWM),2.2205
EVT-101 (5EWM),2.2205
EVT-101 (5EWM),2.2206
EVT-101 (5EWM),2.2225
EVT-101 (5EWM),2.2251
EVT-101 (5EWM),2.2257
EVT-101 (5EWM),2.226
EVT-101 (5EWM),2.226
EVT-101 (5EWM),2.226
EVT-101 (5EWM),2.2263
EVT-101 (5EWM),2.2268
EVT-101 (5EWM),2.2271
EVT-101 (5EWM),2.2277
EVT-101 (5EWM),2.2279
EVT-101 (5EWM),2.2284
EVT-101 (5EWM),2.2287
EVT-101 (5EWM),2.2301
EVT-101 (5EWM),2.2311
EVT-101 (5EWM),2.2316
EVT-101 (5EWM),2.2317
EVT-101 (5EWM),2.2322
EVT-101 (5EWM),2.2323
EVT-101 (5EWM),2.2331
EVT-101 (5EWM),2.234
EVT-101 (5EWM),2.2349
EVT-101 (5EWM),2.235
EVT-101 (5EWM),2.236
EVT-101 (5EWM),2.2373
EVT-101 (5EWM),2.2381
EVT-101 (5EWM),2.2383
EVT-101 (5EWM),2.2391
EVT-101 (5EWM),2.2391
EVT-101 (5EWM),2.2391
EVT-101 (5EWM),2.2397
EVT-101 (5EWM),2.2411
EVT-101 (5EWM),2.2415
EVT-101 (5EWM),2.2417
EVT-101 (5EWM),2.2419
EVT-101 (5EWM),2.2428
EVT-101 (5EWM),2.2446
EVT-101 (5EWM),2.2457
EVT-101 (5EWM),2.2474
EVT-101 (5EWM),2.2475
EVT-101 (5EWM),2.2477
EVT-101 (5EWM),2.2484
EVT-101 (5EWM),2.2485
EVT-101 (5EWM),2.2497
EVT-101 (5EWM),2.2501
EVT-101 (5EWM),2.2507
EVT-101 (5EWM),2.2522
EVT-101 (5EWM),2.2528
EVT-101 (5EWM),2.2543
EVT-101 (5EWM),2.2552
EVT-101 (5EWM),2.2552
EVT-101 (5EWM),2.2567
EVT-101 (5EWM),2.2568
EVT-101 (5EWM),2.2568
EVT-101 (5EWM),2.2572
EVT-101 (5EWM),2.2586
EVT-101 (5EWM),2.2588
EVT-101 (5EWM),2.2598
EVT-101 (5EWM),2.2631
EVT-101 (5EWM),2.2634
EVT-101 (5EWM),2.2639
EVT-101 (5EWM),2.2642
EVT-101 (5EWM),2.2646
EVT-101 (5EWM),2.2647
EVT-101 (5EWM),2.2651
EVT-101 (5EWM),2.2657
EVT-101 (5EWM),2.2657
EVT-101 (5EWM),2.2659
EVT-101 (5EWM),2.2665
EVT-101 (5EWM),2.269
EVT-101 (5EWM),2.269
EVT-101 (5EWM),2.2692
EVT-101 (5EWM),2.2707
EVT-101 (5EWM),2.2741
EVT-101 (5EWM),2.2745
EVT-101 (5EWM),2.2765
EVT-101 (5EWM),2.2766
EVT-101 (5EWM),2.2767
EVT-101 (5EWM),2.277
EVT-101 (5EWM),2.2772
EVT-101 (5EWM),2.2773
EVT-101 (5EWM),2.2797
EVT-101 (5EWM),2.2812
EVT-101 (5EWM),2.2821
EVT-101 (5EWM),2.2825
EVT-101 (5EWM),2.2831
EVT-101 (5EWM),2.2832
EVT-101 (5EWM),2.2838
EVT-101 (5EWM),2.2838
EVT-101 (5EWM),2.2839
EVT-101 (5EWM),2.284
EVT-101 (5EWM),2.2843
EVT-101 (5EWM),2.2845
EVT-101 (5EWM),2.285
EVT-101 (5EWM),2.2851
EVT-101 (5EWM),2.2871
EVT-101 (5EWM),2.2872
EVT-101 (5EWM),2.2888
EVT-101 (5EWM),2.2895
EVT-101 (5EWM),2.2922
EVT-101 (5EWM),2.2934
EVT-101 (5EWM),2.2936
EVT-101 (5EWM),2.2946
EVT-101 (5EWM),2.2947
EVT-101 (5EWM),2.2949
EVT-101 (5EWM),2.2951
EVT-101 (5EWM),2.296
EVT-101 (5EWM),2.2976
EVT-101 (5EWM),2.2977
EVT-101 (5EWM),2.2988
EVT-101 (5EWM),2.3
EVT-101 (5EWM),2.3003
EVT-101 (5EWM),2.3004
EVT-101 (5EWM),2.3015
EVT-101 (5EWM),2.3032
EVT-101 (5EWM),2.3037
EVT-101 (5EWM),2.3043
EVT-101 (5EWM),2.3047
EVT-101 (5EWM),2.3047
EVT-101 (5EWM),2.3059
EVT-101 (5EWM),2.3078
EVT-101 (5EWM),2.3083
EVT-101 (5EWM),2.3096
EVT-101 (5EWM),2.3098
EVT-101 (5EWM),2.3102
EVT-101 (5EWM),2.3113
EVT-101 (5EWM),2.3117
EVT-101 (5EWM),2.3119
EVT-101 (5EWM),2.3124
EVT-101 (5EWM),2.3134
EVT-101 (5EWM),2.3149
EVT-101 (5EWM),2.3152
EVT-101 (5EWM),2.3154
EVT-101 (5EWM),2.3181
EVT-101 (5EWM),2.3182
EVT-101 (5EWM),2.3189
EVT-101 (5EWM),2.3209
EVT-101 (5EWM),2.3213
EVT-101 (5EWM),2.3219
EVT-101 (5EWM),2.3226
EVT-101 (5EWM),2.3236
EVT-101 (5EWM),2.3244
EVT-101 (5EWM),2.3252
EVT-101 (5EWM),2.3298
EVT-101 (5EWM),2.3307
EVT-101 (5EWM),2.3315
EVT-101 (5EWM),2.3323
EVT-101 (5EWM),2.3334
EVT-101 (5EWM),2.3335
EVT-101 (5EWM),2.3349
EVT-101 (5EWM),2.335
EVT-101 (5EWM),2.3361
EVT-101 (5EWM),2.337
EVT-101 (5EWM),2.3389
EVT-101 (5EWM),2.3395
EVT-101 (5EWM),2.3396
EVT-101 (5EWM),2.3404
EVT-101 (5EWM),2.3406
EVT-101 (5EWM),2.3409
EVT-101 (5EWM),2.3448
EVT-101 (5EWM),2.3455
EVT-101 (5EWM),2.3463
EVT-101 (5EWM),2.3464
EVT-101 (5EWM),2.347
EVT-101 (5EWM),2.3475
EVT-101 (5EWM),2.3483
EVT-101 (5EWM),2.3524
EVT-101 (5EWM),2.353
EVT-101 (5EWM),2.3534
EVT-101 (5EWM),2.3549
EVT-101 (5EWM),2.3551
EVT-101 (5EWM),2.3569
EVT-101 (5EWM),2.3574
EVT-101 (5EWM),2.3575
EVT-101 (5EWM),2.3582
EVT-101 (5EWM),2.3586
EVT-101 (5EWM),2.3596
EVT-101 (5EWM),2.3607
EVT-101 (5EWM),2.3616
EVT-101 (5EWM),2.3634
EVT-101 (5EWM),2.3634
EVT-101 (5EWM),2.3682
EVT-101 (5EWM),2.371
EVT-101 (5EWM),2.3715
EVT-101 (5EWM),2.3719
EVT-101 (5EWM),2.372
EVT-101 (5EWM),2.3733
EVT-101 (5EWM),2.3745
EVT-101 (5EWM),2.3762
EVT-101 (5EWM),2.3766
EVT-101 (5EWM),2.3766
EVT-101 (5EWM),2.3769
EVT-101 (5EWM),2.3794
EVT-101 (5EWM),2.3816
EVT-101 (5EWM),2.3817
EVT-101 (5EWM),2.384
EVT-101 (5EWM),2.3857
EVT-101 (5EWM),2.388
EVT-101 (5EWM),2.3886
EVT-101 (5EWM),2.3891
EVT-101 (5EWM),2.3893
EVT-101 (5EWM),2.393
EVT-101 (5EWM),2.3937
EVT-101 (5EWM),2.3947
EVT-101 (5EWM),2.395
EVT-101 (5EWM),2.3956
EVT-101 (5EWM),2.3974
EVT-101 (5EWM),2.3976
EVT-101 (5EWM),2.3985
EVT-101 (5EWM),2.4034
EVT-101 (5EWM),2.4055
EVT-101 (5EWM),2.4069
EVT-101 (5EWM),2.4075
EVT-101 (5EWM),2.408
EVT-101 (5EWM),2.4123
EVT-101 (5EWM),2.416
EVT-101 (5EWM),2.4165
EVT-101 (5EWM),2.4177
EVT-101 (5EWM),2.4178
EVT-101 (5EWM),2.4189
EVT-101 (5EWM),2.4212
EVT-101 (5EWM),2.4222
EVT-101 (5EWM),2.4237
EVT-101 (5EWM),2.4242
EVT-101 (5EWM),2.4286
EVT-101 (5EWM),2.4302
EVT-101 (5EWM),2.4315
EVT-101 (5EWM),2.4328
EVT-101 (5EWM),2.4337
EVT-101 (5EWM),2.4397
EVT-101 (5EWM),2.4449
EVT-101 (5EWM),2.4501
EVT-101 (5EWM),2.4702
EVT-101 (5EWM),2.4723
EVT-101 (5EWM),2.4724
EVT-101 (5EWM),2.4817
EVT-101 (5EWM),2.4923
EVT-101 (5EWM),2.5289
EVT-101 (5EWM),2.6003
EVT-101 (5EWM),2.8511
EVT-101 (5EWM),2.8771
EVT-101 (5EWM),2.8842
EVT-101 (5EWM),2.885
EVT-101 (5EWM),2.889
EVT-101 (5EWM),2.8894
EVT-101 (5EWM),2.8932
EVT-101 (5EWM),2.8974
EVT-101 (5EWM),2.91
EVT-101 (5EWM),2.9111
EVT-101 (5EWM),2.9228
EVT-101 (5EWM),2.949
EVT-101 (5EWM),2.9496
EVT-101 (5EWM),2.9625
EVT-101 (5EWM),2.9669
EVT-101 (5EWM),2.9677
EVT-101 (5EWM),2.9797
EVT-101 (5EWM),2.9824
EVT-101 (5EWM),2.9872
EVT-101 (5EWM),2.9986
EVT-101 (5EWM),3.0
EVT-101 (5EWM),3.0156
EVT-101 (5EWM),3.0203
EVT-101 (5EWM),3.0207
EVT-101 (5EWM),3.0239
EVT-101 (5EWM),3.0252
EVT-101 (5EWM),3.0279
EVT-101 (5EWM),3.0346
EVT-101 (5EWM),3.038
EVT-101 (5EWM),3.061
EVT-101 (5EWM),3.1548
EVT-101 (5EWM),3.3348
EVT-101 (5EWM),3.3474
EVT-101 (5EWM),3.3571
EVT-101 (5EWM),3.3574
EVT-101 (5EWM),3.3634
EVT-101 (5EWM),3.3661
EVT-101 (5EWM),3.3669
EVT-101 (5EWM),3.3709
EVT-101 (5EWM),3.3738
EVT-101 (5EWM),3.374
EVT-101 (5EWM),3.3745
EVT-101 (5EWM),3.3779
EVT-101 (5EWM),3.379
EVT-101 (5EWM),3.3794
EVT-101 (5EWM),3.3828
EVT-101 (5EWM),3.383
EVT-101 (5EWM),3.3838
EVT-101 (5EWM),3.3857
EVT-101 (5EWM),3.386
EVT-101 (5EWM),3.3871
EVT-101 (5EWM),3.3882
EVT-101 (5EWM),3.3905
EVT-101 (5EWM),3.3909
EVT-101 (5EWM),3.3911
EVT-101 (5EWM),3.397
EVT-101 (5EWM),3.3972
EVT-101 (5EWM),3.3986
EVT-101 (5EWM),3.3989
EVT-101 (5EWM),3.3997
Hybrid 93 (6E7R),0.9872
Hybrid 93 (6E7R),1.0899
Hybrid 93 (6E7R),1.1002
Hybrid 93 (6E7R),1.1159
Hybrid 93 (6E7R),1.1188
Hybrid 93 (6E7R),1.1244
Hybrid 93 (6E7R),1.1389
Hybrid 93 (6E7R),1.1396
Hybrid 93 (6E7R),1.1499
Hybrid 93 (6E7R),1.1577
Hybrid 93 (6E7R),1.1611
Hybrid 93 (6E7R),1.1643
Hybrid 93 (6E7R),1.1673
Hybrid 93 (6E7R),1.1676
Hybrid 93 (6E7R),1.1693
Hybrid 93 (6E7R),1.1698
Hybrid 93 (6E7R),1.1717
Hybrid 93 (6E7R),1.172
Hybrid 93 (6E7R),1.1785
Hybrid 93 (6E7R),1.1786
Hybrid 93 (6E7R),1.1835
Hybrid 93 (6E7R),1.1939
Hybrid 93 (6E7R),1.1946
Hybrid 93 (6E7R),1.195
Hybrid 93 (6E7R),1.1953
Hybrid 93 (6E7R),1.1961
Hybrid 93 (6E7R),1.2002
Hybrid 93 (6E7R),1.2018
Hybrid 93 (6E7R),1.2034
Hybrid 93 (6E7R),1.2049
Hybrid 93 (6E7R),1.2052
Hybrid 93 (6E7R),1.2109
Hybrid 93 (6E7R),1.2116
Hybrid 93 (6E7R),1.2137
Hybrid 93 (6E7R),1.2138
Hybrid 93 (6E7R),1.2157
Hybrid 93 (6E7R),1.2233
Hybrid 93 (6E7R),1.227
Hybrid 93 (6E7R),1.2275
Hybrid 93 (6E7R),1.2284
Hybrid 93 (6E7R),1.2308
Hybrid 93 (6E7R),1.2364
Hybrid 93 (6E7R),1.2383
Hybrid 93 (6E7R),1.2394
Hybrid 93 (6E7R),1.24
Hybrid 93 (6E7R),1.2437
Hybrid 93 (6E7R),1.2444
Hybrid 93 (6E7R),1.2448
Hybrid 93 (6E7R),1.2451
Hybrid 93 (6E7R),1.2466
Hybrid 93 (6E7R),1.247
Hybrid 93 (6E7R),1.2477
Hybrid 93 (6E7R),1.2498
Hybrid 93 (6E7R),1.2503
Hybrid 93 (6E7R),1.2525
Hybrid 93 (6E7R),1.2632
Hybrid 93 (6E7R),1.2669
Hybrid 93 (6E7R),1.2816
Hybrid 93 (6E7R),1.2827
Hybrid 93 (6E7R),1.2843
Hybrid 93 (6E7R),1.2885
Hybrid 93 (6E7R),1.2918
Hybrid 93 (6E7R),1.2996
Hybrid 93 (6E7R),1.3003
Hybrid 93 (6E7R),1.3356
Hybrid 93 (6E7R),1.3356
Hybrid 93 (6E7R),1.3369
Hybrid 93 (6E7R),1.3379
Hybrid 93 (6E7R),1.3408
Hybrid 93 (6E7R),1.3424
Hybrid 93 (6E7R),1.3451
Hybrid 93 (6E7R),1.3479
Hybrid 93 (6E7R),1.3487
Hybrid 93 (6E7R),1.3582
Hybrid 93 (6E7R),1.3598
Hybrid 93 (6E7R),1.3772
Hybrid 93 (6E7R),1.3777
Hybrid 93 (6E7R),1.3904
Hybrid 93 (6E7R),1.3936
Hybrid 93 (6E7R),1.3944
Hybrid 93 (6E7R),1.3946
Hybrid 93 (6E7R),1.4009
Hybrid 93 (6E7R),1.4042
Hybrid 93 (6E7R),1.4086
Hybrid 93 (6E7R),1.4122
Hybrid 93 (6E7R),1.4151
Hybrid 93 (6E7R),1.4192
Hybrid 93 (6E7R),1.4293
Hybrid 93 (6E7R),1.4333
Hybrid 93 (6E7R),1.4434
Hybrid 93 (6E7R),1.4462
Hybrid 93 (6E7R),1.4558
Hybrid 93 (6E7R),1.4591
Hybrid 93 (6E7R),1.4592
Hybrid 93 (6E7R),1.4597
Hybrid 93 (6E7R),1.4774
Hybrid 93 (6E7R),1.4911
Hybrid 93 (6E7R),1.5035
Hybrid 93 (6E7R),1.5058
Hybrid 93 (6E7R),1.5091
Hybrid 93 (6E7R),1.5119
Hybrid 93 (6E7R),1.5123
Hybrid 93 (6E7R),1.514
Hybrid 93 (6E7R),1.517
Hybrid 93 (6E7R),1.524
Hybrid 93 (6E7R),1.5258
Hybrid 93 (6E7R),1.5283
Hybrid 93 (6E7R),1.5337
Hybrid 93 (6E7R),1.5351
Hybrid 93 (6E7R),1.5397
Hybrid 93 (6E7R),1.5646
Hybrid 93 (6E7R),1.5661
Hybrid 93 (6E7R),1.5754
Hybrid 93 (6E7R),1.5884
Hybrid 93 (6E7R),1.5902
Hybrid 93 (6E7R),1.5971
Hybrid 93 (6E7R),1.6067
Hybrid 93 (6E7R),1.6071
Hybrid 93 (6E7R),1.6087
Hybrid 93 (6E7R),1.6125
Hybrid 93 (6E7R),1.614
Hybrid 93 (6E7R),1.6151
Hybrid 93 (6E7R),1.6182
Hybrid 93 (6E7R),1.6189
Hybrid 93 (6E7R),1.6214
Hybrid 93 (6E7R),1.6465
Hybrid 93 (6E7R),1.6558
Hybrid 93 (6E7R),1.6572
Hybrid 93 (6E7R),1.6647
Hybrid 93 (6E7R),1.6668
Hybrid 93 (6E7R),1.6689
Hybrid 93 (6E7R),1.6831
Hybrid 93 (6E7R),1.6858
Hybrid 93 (6E7R),1.687
Hybrid 93 (6E7R),1.6871
Hybrid 93 (6E7R),1.6965
Hybrid 93 (6E7R),1.7005
Hybrid 93 (6E7R),1.7067
Hybrid 93 (6E7R),1.7224
Hybrid 93 (6E7R),1.7238
Hybrid 93 (6E7R),1.731
Hybrid 93 (6E7R),1.7335
Hybrid 93 (6E7R),1.7388
Hybrid 93 (6E7R),1.7398
Hybrid 93 (6E7R),1.754
Hybrid 93 (6E7R),1.757
Hybrid 93 (6E7R),1.7671
Hybrid 93 (6E7R),1.7706
Hybrid 93 (6E7R),1.7754
Hybrid 93 (6E7R),1.7755
Hybrid 93 (6E7R),1.7766
Hybrid 93 (6E7R),1.7797
Hybrid 93 (6E7R),1.7825
Hybrid 93 (6E7R),1.7837
Hybrid 93 (6E7R),1.7857
Hybrid 93 (6E7R),1.7871
Hybrid 93 (6E7R),1.7942
Hybrid 93 (6E7R),1.7957
Hybrid 93 (6E7R),1.7974
Hybrid 93 (6E7R),1.8
Hybrid 93 (6E7R),1.8045
Hybrid 93 (6E7R),1.8061
Hybrid 93 (6E7R),1.8074
Hybrid 93 (6E7R),1.8079
Hybrid 93 (6E7R),1.8096
Hybrid 93 (6E7R),1.8146
Hybrid 93 (6E7R),1.8156
Hybrid 93 (6E7R),1.8208
Hybrid 93 (6E7R),1.8264
Hybrid 93 (6E7R),1.8288
Hybrid 93 (6E7R),1.8298
Hybrid 93 (6E7R),1.8306
Hybrid 93 (6E7R),1.8309
Hybrid 93 (6E7R),1.832
Hybrid 93 (6E7R),1.8328
Hybrid 93 (6E7R),1.8387
Hybrid 93 (6E7R),1.8402
Hybrid 93 (6E7R),1.8402
Hybrid 93 (6E7R),1.8415
Hybrid 93 (6E7R),1.8416
Hybrid 93 (6E7R),1.844
Hybrid 93 (6E7R),1.849
Hybrid 93 (6E7R),1.8506
Hybrid 93 (6E7R),1.8522
Hybrid 93 (6E7R),1.8536
Hybrid 93 (6E7R),1.8559
Hybrid 93 (6E7R),1.8616
Hybrid 93 (6E7R),1.8682
Hybrid 93 (6E7R),1.8733
Hybrid 93 (6E7R),1.876
Hybrid 93 (6E7R),1.877
Hybrid 93 (6E7R),1.8783
Hybrid 93 (6E7R),1.8814
Hybrid 93 (6E7R),1.8856
Hybrid 93 (6E7R),1.891
Hybrid 93 (6E7R),1.8936
Hybrid 93 (6E7R),1.8949
Hybrid 93 (6E7R),1.8979
Hybrid 93 (6E7R),1.9004
Hybrid 93 (6E7R),1.9037
Hybrid 93 (6E7R),1.9046
Hybrid 93 (6E7R),1.906
Hybrid 93 (6E7R),1.909
Hybrid 93 (6E7R),1.9095
Hybrid 93 (6E7R),1.9141
Hybrid 93 (6E7R),1.9221
Hybrid 93 (6E7R),1.9261
Hybrid 93 (6E7R),1.9386
Hybrid 93 (6E7R),1.9396
Hybrid 93 (6E7R),1.9401
Hybrid 93 (6E7R),1.9506
Hybrid 93 (6E7R),1.9527
Hybrid 93 (6E7R),1.9547
Hybrid 93 (6E7R),1.9575
Hybrid 93 (6E7R),1.9575
Hybrid 93 (6E7R),1.9584
Hybrid 93 (6E7R),1.9669
Hybrid 93 (6E7R),1.9675
Hybrid 93 (6E7R),1.9682
Hybrid 93 (6E7R),1.9712
Hybrid 93 (6E7R),1.9778
Hybrid 93 (6E7R),1.9789
Hybrid 93 (6E7R),1.9869
Hybrid 93 (6E7R),1.9877
Hybrid 93 (6E7R),1.9883
Hybrid 93 (6E7R),1.998
Hybrid 93 (6E7R),2.0006
Hybrid 93 (6E7R),2.0029
Hybrid 93 (6E7R),2.0045
Hybrid 93 (6E7R),2.0056
Hybrid 93 (6E7R),2.0138
Hybrid 93 (6E7R),2.0234
Hybrid 93 (6E7R),2.0254
Hybrid 93 (6E7R),2.0301
Hybrid 93 (6E7R),2.0339
Hybrid 93 (6E7R),2.0413
Hybrid 93 (6E7R),2.0483
Hybrid 93 (6E7R),2.0493
Hybrid 93 (6E7R),2.0538
Hybrid 93 (6E7R),2.057
Hybrid 93 (6E7R),2.0619
Hybrid 93 (6E7R),2.0651
Hybrid 93 (6E7R),2.0881
Hybrid 93 (6E7R),2.092
Hybrid 93 (6E7R),2.0945
Hybrid 93 (6E7R),2.0951
Hybrid 93 (6E7R),2.1015
Hybrid 93 (6E7R),2.105
Hybrid 93 (6E7R),2.1062
Hybrid 93 (6E7R),2.1076
Hybrid 93 (6E7R),2.1109
Hybrid 93 (6E7R),2.1129
Hybrid 93 (6E7R),2.1177
Hybrid 93 (6E7R),2.1194
Hybrid 93 (6E7R),2.1235
Hybrid 93 (6E7R),2.1243
Hybrid 93 (6E7R),2.1266
Hybrid 93 (6E7R),2.129
Hybrid 93 (6E7R),2.1325
Hybrid 93 (6E7R),2.1354
Hybrid 93 (6E7R),2.137
Hybrid 93 (6E7R),2.1544
Hybrid 93 (6E7R),2.1545
Hybrid 93 (6E7R),2.1573
Hybrid 93 (6E7R),2.1622
Hybrid 93 (6E7R),2.1626
Hybrid 93 (6E7R),2.1633
Hybrid 93 (6E7R),2.1634
Hybrid 93 (6E7R),2.1638
Hybrid 93 (6E7R),2.1643
Hybrid 93 (6E7R),2.17
Hybrid 93 (6E7R),2.1741
Hybrid 93 (6E7R),2.1749
Hybrid 93 (6E7R),2.1792
Hybrid 93 (6E7R),2.1863
Hybrid 93 (6E7R),2.1884
Hybrid 93 (6E7R),2.1914
Hybrid 93 (6E7R),2.194
Hybrid 93 (6E7R),2.1953
Hybrid 93 (6E7R),2.1976
Hybrid 93 (6E7R),2.2041
Hybrid 93 (6E7R),2.2103
Hybrid 93 (6E7R),2.2106
Hybrid 93 (6E7R),2.215
Hybrid 93 (6E7R),2.2152
Hybrid 93 (6E7R),2.2194
Hybrid 93 (6E7R),2.2203
Hybrid 93 (6E7R),2.2217
Hybrid 93 (6E7R),2.2285
Hybrid 93 (6E7R),2.23
Hybrid 93 (6E7R),2.2337
Hybrid 93 (6E7R),2.2355
Hybrid 93 (6E7R),2.2438
Hybrid 93 (6E7R),2.2447
Hybrid 93 (6E7R),2.2447
Hybrid 93 (6E7R),2.2513
Hybrid 93 (6E7R),2.2524
Hybrid 93 (6E7R),2.258
Hybrid 93 (6E7R),2.2587
Hybrid 93 (6E7R),2.2604
Hybrid 93 (6E7R),2.2664
Hybrid 93 (6E7R),2.269
Hybrid 93 (6E7R),2.2875
Hybrid 93 (6E7R),2.2882
Hybrid 93 (6E7R),2.2917
Hybrid 93 (6E7R),2.2964
Hybrid 93 (6E7R),2.2975
Hybrid 93 (6E7R),2.3001
Hybrid 93 (6E7R),2.3074
Hybrid 93 (6E7R),2.3114
Hybrid 93 (6E7R),2.3175
Hybrid 93 (6E7R),2.3213
Hybrid 93 (6E7R),2.3241
Hybrid 93 (6E7R),2.3258
Hybrid 93 (6E7R),2.3262
Hybrid 93 (6E7R),2.3298
Hybrid 93 (6E7R),2.3308
Hybrid 93 (6E7R),2.3353
Hybrid 93 (6E7R),2.3368
Hybrid 93 (6E7R),2.3454
Hybrid 93 (6E7R),2.3493
Hybrid 93 (6E7R),2.355
Hybrid 93 (6E7R),2.3571
Hybrid 93 (6E7R),2.3643
Hybrid 93 (6E7R),2.3646
Hybrid 93 (6E7R),2.366
Hybrid 93 (6E7R),2.3721
Hybrid 93 (6E7R),2.3853
Hybrid 93 (6E7R),2.3908
Hybrid 93 (6E7R),2.3924
Hybrid 93 (6E7R),2.3932
Hybrid 93 (6E7R),2.4046
Hybrid 93 (6E7R),2.4232
Hybrid 93 (6E7R),2.4278
Hybrid 93 (6E7R),2.4324
Hybrid 93 (6E7R),2.4357
Hybrid 93 (6E7R),2.4409
Hybrid 93 (6E7R),2.442
Hybrid 93 (6E7R),2.4493
Hybrid 93 (6E7R),2.4667
Hybrid 93 (6E7R),2.4679
Hybrid 93 (6E7R),2.47
Hybrid 93 (6E7R),2.4803
Hybrid 93 (6E7R),2.525
Hybrid 93 (6E7R),2.535
Hybrid 93 (6E7R),2.5378
Hybrid 93 (6E7R),2.5514
Hybrid 93 (6E7R),2.5623
Hybrid 93 (6E7R),2.597
Hybrid 93 (6E7R),2.6015
Hybrid 93 (6E7R),2.6082
Hybrid 93 (6E7R),2.6298
Hybrid 93 (6E7R),2.6406
Hybrid 93 (6E7R),2.6925
Hybrid 93 (6E7R),2.7101
Hybrid 93 (6E7R),2.7614
Hybrid 93 (6E7R),2.7691
Hybrid 93 (6E7R),2.7716
Hybrid 93 (6E7R),2.7798
Hybrid 93 (6E7R),2.8508
Hybrid 93 (6E7R),2.8523
Hybrid 93 (6E7R),2.8582
Hybrid 93 (6E7R),2.8702
Hybrid 93 (6E7R),2.9786
Hybrid 93 (6E7R),2.9955
Hybrid 93 (6E7R),3.0657
Hybrid 93 (6E7R),3.0664
Hybrid 93 (6E7R),3.1741
Hybrid 93 (6E7R),3.1941
Hybrid 93 (6E7R),3.2805
Hybrid 93 (6E7R),3.3108
Hybrid 93 (6E7R),3.3585
Hybrid 93 (6E7R),3.3643
Hybrid 93 (6E7R),3.3849
Hybrid 93 (6E7R),3.4025
Hybrid 93 (6E7R),3.442
Hybrid 93 (6E7R),3.4516
Hybrid 93 (6E7R),3.4634
Hybrid 93 (6E7R),3.4788
Hybrid 93 (6E7R),3.4812
Hybrid 93 (6E7R),3.4812
Hybrid 93 (6E7R),3.4859
Hybrid 93 (6E7R),3.5258
Hybrid 93 (6E7R),3.6044
Hybrid 93 (6E7R),3.6055
Hybrid 93 (6E7R),3.6233
Hybrid 93 (6E7R),3.645
Hybrid 93 (6E7R),3.6532
Hybrid 93 (6E7R),3.6802
Hybrid 93 (6E7R),3.6858
Hybrid 93 (6E7R),3.7522
Hybrid 93 (6E7R),3.8325
Hybrid 93 (6E7R),3.8384
Hybrid 93 (6E7R),3.8595
Hybrid 93 (6E7R),3.8666
Hybrid 93 (6E7R),3.8741
Hybrid 93 (6E7R),3.9501
Hybrid 93 (6E7R),3.9523
Hybrid 93 (6E7R),4.0348
Hybrid 93 (6E7R),4.0665
Hybrid 93 (6E7R),4.0675
Hybrid 93 (6E7R),4.0679
Hybrid 93 (6E7R),4.0681
Hybrid 93 (6E7R),4.1199
Hybrid 93 (6E7R),4.1406
Hybrid 93 (6E7R),4.2056
Hybrid 93 (6E7R),4.2162
Hybrid 93 (6E7R),4.2265
Hybrid 93 (6E7R),4.2375
Hybrid 93 (6E7R),4.2397
Hybrid 93 (6E7R),4.2493
Hybrid 93 (6E7R),4.2618
Hybrid 93 (6E7R),4.2725
Hybrid 93 (6E7R),4.2826
Hybrid 93 (6E7R),4.2865
Hybrid 93 (6E7R),4.3155
Hybrid 93 (6E7R),4.3168
Hybrid 93 (6E7R),4.3564
Hybrid 93 (6E7R),4.3628
Hybrid 93 (6E7R),4.3636
Hybrid 93 (6E7R),4.4156
Hybrid 93 (6E7R),4.4226
Hybrid 93 (6E7R),4.4364
Hybrid 93 (6E7R),4.4516
Hybrid 93 (6E7R),4.46
Hybrid 93 (6E7R),4.4643
Hybrid 93 (6E7U),1.0697
Hybrid 93 (6E7U),1.1307
Hybrid 93 (6E7U),1.1391
Hybrid 93 (6E7U),1.1751
Hybrid 93 (6E7U),1.2408
Hybrid 93 (6E7U),1.2411
Hybrid 93 (6E7U),1.2604
Hybrid 93 (6E7U),1.3134
Hybrid 93 (6E7U),1.3143
Hybrid 93 (6E7U),1.3345
Hybrid 93 (6E7U),1.3425
Hybrid 93 (6E7U),1.3469
Hybrid 93 (6E7U),1.3488
Hybrid 93 (6E7U),1.393
Hybrid 93 (6E7U),1.3975
Hybrid 93 (6E7U),1.413
Hybrid 93 (6E7U),1.4223
Hybrid 93 (6E7U),1.4265
Hybrid 93 (6E7U),1.4442
Hybrid 93 (6E7U),1.4457
Hybrid 93 (6E7U),1.4828
Hybrid 93 (6E7U),1.5089
Hybrid 93 (6E7U),1.5495
Hybrid 93 (6E7U),1.6668
Hybrid 93 (6E7U),1.7855
Hybrid 93 (6E7U),1.8093
Hybrid 93 (6E7U),1.8128
Hybrid 93 (6E7U),1.8343
Hybrid 93 (6E7U),1.8812
Hybrid 93 (6E7U),1.922
Hybrid 93 (6E7U),1.9259
Hybrid 93 (6E7U),1.9346
Hybrid 93 (6E7U),2.4852
Hybrid 93 (6E7U),2.5868
Hybrid 93 (6E7U),2.6404
Hybrid 93 (6E7U),2.9433
Hybrid 93 (6E7U),2.9719
Hybrid 93 (6E7U),3.0112
Hybrid 93 (6E7U),3.0482
Hybrid 93 (6E7U),3.0713
Hybrid 93 (6E7U),3.0967
Hybrid 93 (6E7U),3.1369
Hybrid 93 (6E7U),3.1673
Hybrid 93 (6E7U),3.2015
Hybrid 93 (6E7U),3.212
Hybrid 93 (6E7U),3.266
Hybrid 93 (6E7U),3.3227
Hybrid 93 (6E7U),3.4153
Hybrid 93 (6E7U),3.529
Hybrid 93 (6E7U),3.7121
Hybrid 93 (6E7U),3.7299
Hybrid 93 (6E7U),3.7363
Hybrid 93 (6E7U),3.7662
Hybrid 93 (6E7U),3.817
Hybrid 93 (6E7U),3.9209
Hybrid 93 (6E7U),3.9567
Hybrid 93 (6E7U),4.0413
Hybrid 93 (6E7U),4.1251
Hybrid 93 (6E7U),4.18
Hybrid 93 (6E7U),4.1968
Hybrid 93 (6E7U),4.2858
Hybrid 93 (6E7U),4.3838
Hybrid 93 (6E7U),4.3998
Hybrid 93 (6E7U),4.4191
Hybrid 93 (6E7U),4.4271
Hybrid 93 (6E7U),4.4401
Hybrid 93 (6E7U),4.46
Hybrid 93 (6E7U),4.4811
Hybrid 93 (6E7U),4.489
Hybrid 93 (6E7U),4.4904
Hybrid 93 (6E7U),4.4915
Hybrid 93 (6E7U),4.5028
Hybrid 93 (6E7U),4.543
Hybrid 93 (6E7U),4.5596
Hybrid 93 (6E7U),4.6285
Hybrid 93 (6E7U),4.6325
Hybrid 93 (6E7U),4.6344
Hybrid 93 (6E7U),4.6425
Hybrid 93 (6E7U),4.7009
Hybrid 93 (6E7U),4.7242
Hybrid 93 (6E7U),4.7473
Hybrid 93 (6E7U),4.7676
Hybrid 93 (6E7U),4.7847
Hybrid 93 (6E7U),4.7866
Hybrid 93 (6E7U),4.7912
Hybrid 93 (6E7U),4.8011
Hybrid 93 (6E7U),4.8395
Hybrid 93 (6E7U),4.8397
Hybrid 93 (6E7U),4.847
Hybrid 93 (6E7U),4.8562
Hybrid 93 (6E7U),4.872
Hybrid 93 (6E7U),4.8735
Hybrid 93 (6E7U),4.8853
Hybrid 93 (6E7U),4.8881
Hybrid 93 (6E7U),4.897
Hybrid 93 (6E7U),4.8977
